feature_0,feature_1,feature_2,feature_3,feature_4,feature_5,feature_6,delta_30s_0,delta_30s_1,delta_30s_2,delta_30s_3,delta_30s_4,delta_30s_5,delta_30s_6,delta_60s_0,delta_60s_1,delta_60s_2,delta_60s_3,delta_60s_4,delta_60s_5,delta_60s_6,downstream_affected,label
68.8626,74.6601,0.3044,0.6883,0.5661,5569.8873,5958.614,19.1531,6.9691,0.035,-0.1194,0.2306,-615.5827,956.0549,-15.8323,-0.1596,-0.1215,0.2246,0.1156,-1798.3353,-521.5408,0,resource
21.7669,14.6404,0.2916,3.856,0.4531,329.0162,399.2251,4.5175,-0.8079,0.079,-0.0827,0.101,19.962,39.6968,-8.3074,-3.8315,0.0401,0.6893,-0.0082,94.0653,21.134,0,network
36.3648,32.8331,0.1847,0.2764,0.5673,4445.2637,4688.0362,0.828,1.6485,0.1273,0.0163,0.0863,294.0528,154.3117,-9.1921,-15.6273,0.0192,-0.1965,0.2058,1192.984,-7.3529,0,timing
16.4243,17.0108,0.0206,0.1017,0,4019.5404,4002.0266,-0.0048,-0.0095,-0.0106,-0.0095,0.0129,0.0025,0.0275,0.0255,0.0386,-0.0317,-0.0209,-0.0183,0.0202,-0.0347,0,normal
5.1576,36.2881,0.2106,3.8983,0.1424,84.784,342.1718,0.0035,-6.3474,-0.0211,-0.8756,-0.064,-20.9936,24.7001,-0.3212,5.1483,-0.0492,1.6472,0.1866,-1.2356,133.5714,1,network
81.5717,90.3452,0.2306,0.8742,0.4549,3762.708,5132.7409,6.5527,12.0208,0.0654,0.112,-0.0949,-65.0789,-177.116,-15.7779,33.9252,0.0158,-0.4754,-0.1321,-506.1276,-114.3419,0,resource
13.9959,26.8575,0.0021,0,0,4868.9834,4960.0502,0.0014,-0.003,0.0182,-0.0008,-0.0081,-0.0035,0.0226,0.032,-0.0242,-0.0311,-0.001,-0.0514,0.0178,0.0161,0,normal
68.8761,100.342,0.1744,2.3146,0.7809,3418.3221,6527.874,10.3881,2.3177,0.0565,-0.624,0.0428,221.8888,24.0084,7.3908,-20.0494,0.1492,0.3581,0.1462,954.4578,-2802.513,0,resource
67.1735,19.9882,0.4015,1.6375,0.3675,2258.7409,4412.3595,-15.7927,2.6847,-0.0211,-0.2878,-0.0146,10.867,216.2196,13.4248,1.4321,0.1329,-0.0633,0.0386,677.9175,-1758.9725,0,timing
8.7641,21.9143,0.2298,2.4759,0,868.6528,239.4296,-1.461,-1.5156,0.0185,-0.6824,0.0419,-257.1762,-37.1109,0.4004,9.9368,-0.001,1.0525,-0.0042,120.8126,-50.8676,1,network
36.4805,50.8016,0.8912,1.1372,0.9823,2215.7645,3498.3228,-5.3071,-1.3257,-0.1335,0.3413,0.2588,526.4118,119.3963,15.766,-18.0746,-0.0036,-0.3206,-0.4239,949.4423,-787.8769,0,timing
15.7486,24.5625,0.0243,0.1064,0,4715.7369,4240.0396,0.0042,0.0267,-0.0096,-0.0141,0.0008,0.0306,0.0203,0.012,-0.0441,0.0122,-0.0354,0.0178,-0.0362,0.0242,0,normal
7.9151,25.0386,0.4083,3.9885,0,810.734,820.6433,1.6346,-3.2199,0.0068,-1.126,-0.0453,47.5764,23.289,-3.8567,5.0472,0.1504,-1.8325,0.035,317.8942,-78.841,0,network
21.1258,32.4755,0.4993,0.1076,1.7211,7078.9622,3348.6008,2.6074,-6.29,-0.1356,-0.0808,-0.4284,310.5876,41.2363,-2.9754,-15.1374,0.3153,-0.0051,-0.4676,-2499.5251,1438.0891,1,pod_crash
25.8264,41.6056,0.7999,0.498,1.0979,348.7257,5129.6031,-5.2227,-8.9561,0.0707,-0.0502,-0.223,40.7249,-885.1566,3.2822,-20.5917,0.4028,-0.3011,0.1008,-49.7832,-2230.7527,1,pod_crash
50.6263,55.9847,0.3179,2.6661,0.7621,5430.9053,5010.7358,6.0333,-1.0972,0.0805,-0.2732,0.1045,-229.3488,339.9475,-23.3072,7.2594,0.0078,-0.6523,-0.1466,-1283.83,1010.1997,0,timing
37.3819,22.5654,0.0808,0.1684,0.2441,4480.4548,1614.5458,6.8378,5.9079,-0.0035,-0.0777,-0.0204,-401.1142,-186.7735,15.1572,9.3071,0.038,-0.1458,-0.1681,-1130.0157,-762.2154,0,cost
10.66,38.6219,0.3738,4.3826,0.0486,457.484,914.5644,1.085,-5.0284,0.0892,0.1795,0.042,84.646,87.9834,-4.4722,-9.753,0.0196,-1.4823,-0.0215,-55.6978,-312.1891,1,network
17.0218,23.1448,0.6562,0.4079,0.5297,6112.1018,5747.1923,-3.5626,2.0077,0.0101,-0.0013,0.0094,160.4284,-639.0258,-1.6141,-4.4745,0.1284,-0.0336,-0.0691,-2671.9573,1801.9324,1,pod_crash
36.6154,43.7618,0.0354,0.4699,0.1581,4135.7636,3500.6569,6.464,-3.5594,-0.0112,-0.0894,-0.0104,-1052.91,-53.1445,13.7197,11.5596,-0.0442,-0.1801,0.0151,1615.837,-737.1994,0,cost
49.0063,21.575,0.6206,0.9156,0.4878,5688.0185,4051.9521,4.0553,-1.1543,0.0173,-0.2435,0.0781,-1685.38,733.9987,-13.3405,1.5585,0.3027,0.4605,0.3411,1205.989,-39.2883,1,pod_crash
87.9838,87.2523,0.1762,1.3494,0.7235,5453.1276,6247.7833,-5.5936,-8.0808,-0.0509,0.2508,-0.0549,-272.9921,1127.3217,-35.2417,35.9736,-0.0226,0.078,0.0977,1430.703,2075.2869,0,resource
36.2309,28.1268,0.3289,0.1592,1.9241,6966.4883,3132.5421,3.9486,-3.0891,0.0752,0.0168,-0.3529,207.4983,393.6935,13.5781,12.8775,0.0091,0.0754,0.9742,-2852.6696,-1233.1537,0,pod_crash
43.8337,29.5915,0.1779,2.0782,1.397,4478.0323,3709.5834,9.974,2.8973,-0.1152,0.4705,0.121,751.7204,-188.1155,21.6633,-0.977,-0.0868,-0.3898,0.0212,-2116.9053,-191.4218,0,timing
13.4612,18.1336,0.0222,0.114,0,4635.0928,2434.4163,0.0341,0.0152,-0.0295,0.0179,-0.0284,-0.0018,0.0168,-0.0363,-0.0032,-0.026,-0.0453,-0.0149,0.0257,-0.0351,0,normal
11.8954,22.8025,0.0326,0.0686,0,4692.5734,4328.3443,-0.022,0.0369,-0.0022,-0.0186,-0.0302,-0.0065,-0.0107,-0.0193,-0.0323,0.0142,0.013,0.0405,0.0366,-0.0112,0,normal
9.4559,21.7283,0.0158,0.0747,0,4235.8142,4556.5701,0.0023,-0.0305,-0.0131,-0.0041,0.0057,-0.0099,-0.0042,-0.0214,-0.0791,-0.0412,0.0017,-0.0305,-0.0203,0.0097,0,normal
47.0511,58.5535,0.1691,1.1604,2.4475,3122.2455,4539.5814,-0.9339,2.4429,-0.0503,0.0345,-0.498,608.4705,599.4346,3.5149,-0.603,-0.003,0.3994,0.3251,117.4396,1223.1106,0,timing
31.9683,12.2637,0.2425,0.4705,0.2456,3681.9065,5922.4002,1.6276,3.0303,-0.0534,-0.1844,-0.0438,-493.1108,-829.1625,10.2076,-1.4135,-0.0588,0.2008,-0.099,-1478.231,-1425.7384,1,pod_crash
8.2596,14.6362,0.0111,0.077,0,3254.9105,3923.4123,0.0214,-0.0182,0.0161,0.0007,0.0137,-0.0226,-0.008,-0.0016,-0.0077,0.019,0.0348,-0.0217,-0.0083,0.0048,0,normal
9.3578,39.0137,0.2479,4.3375,0.139,450.2635,827.5293,-2.0319,11.4332,-0.0409,0.5224,0.0521,30.2226,221.3456,0.2368,-10.2986,0.0212,-0.3979,-0.087,-142.2481,-159.485,1,network
32.0358,33.1595,0.4218,0.4805,0.5045,8978.5136,5080.5472,-9.382,-8.6177,0.14,0.0123,-0.0883,-879.1208,1194.9312,12.4237,8.6808,0.0722,-0.1282,-0.1608,684.1495,-1909.0957,1,pod_crash
19.1237,14.3856,0.3252,2.9389,0.6908,651.7757,591.8839,1.783,2.1249,-0.1269,0.2567,0.0378,125.6809,-90.6453,-2.2265,6.9755,0.2612,1.2109,-0.4216,217.8882,69.7901,1,network
3.6804,12.8763,0.3615,4.3031,0,72.599,963.4496,0.1154,2.8817,0.0469,-0.8545,0.0121,4.02,27.0694,-0.9206,-6.4027,0.0481,0.6616,0.0925,-35.1239,-322.7087,1,network
37.3544,40.3651,0.3895,1.5045,0.2762,4212.6335,4278.1738,0.726,-2.4494,0.0295,0.3364,-0.0735,445.0844,-209.7133,15.6176,-6.0932,-0.1555,0.2757,-0.0389,1821.5375,-2124.5066,0,timing
33.8492,39.7476,0.1429,0.1659,0.1303,3138.6826,3726.0678,8.1742,2.5172,-0.1173,-0.0259,-0.0442,-695.3631,498.3855,9.9639,13.4633,-0.0091,0.0786,0.0302,-1475.5664,1308.5988,0,cost
99.9771,81.1358,0.076,0.922,0.2381,3344.986,0,18.7257,-21.6457,-0.0296,0.0793,-0.0158,47.3453,0.0745,5.4532,20.9425,-0.0403,0.0733,-0.2609,-652.8048,0.0927,0,resource
92.9726,64.6528,0.1363,1.2615,0.6447,6447.3924,5130.6722,-4.4631,2.4059,0.0092,-0.2507,-0.1938,1154.7895,1057.246,42.379,29.7696,-0.0709,0.2487,0.2872,-1793.9948,-33.8081,0,resource
76.0759,77.3073,0.323,1.8295,0.0648,2230.6156,5450.3817,10.301,9.9662,-0.0425,0.4385,0.0385,489.5112,561.7221,-24.6466,17.1332,-0.0104,-0.9121,0.0706,-291.7782,180.0061,0,resource
15.0497,16.8012,0,0.0808,0,4038.2855,3550.9725,0.0036,-0.022,-0.0297,-0.0076,0.0111,-0.0013,-0.0063,-0.0125,0.0131,0.0161,-0.0132,0.0087,0.0054,-0.0152,0,normal
71.399,51.6918,0.0489,0.554,0.0239,4145.0158,2812.6694,-14.5204,8.395,-0.0563,0.143,0.0483,-431.4188,613.9501,-0.5261,25.734,0.0006,0.0964,0.0796,353.2115,-866.8932,0,cost
40.6096,40.9243,0.592,1.9222,1.2414,6214.237,4827.7661,4.9591,-6.5779,-0.0812,0.3371,0.0396,1441.0088,-176.5235,-0.2443,-3.8841,0.1122,-0.6006,0.3725,-1843.4159,1738.7899,0,timing
91.1758,89.6966,0.4071,1.1994,0,3148.5385,5791.505,-22.5626,2.9864,-0.1471,0.1842,0.0038,-126.9151,85.1241,34.4283,-10.1782,-0.1548,-0.81,-0.122,1092.4041,-1764.3372,0,resource
82.2652,87.8305,0.2054,1.1188,0.6997,5448.9629,7842.0444,-3.6486,-12.5378,-0.0868,0.2686,-0.1515,-206.2607,-977.2046,-5.4047,14.889,-0.0369,-0.1983,-0.2942,307.4329,-3732.1561,0,resource
2.2066,20.1325,0.6996,0.4773,2.5982,2960.6664,6650.8132,-0.3925,1.7616,0.2216,-0.0705,-0.038,502.706,1456.3632,-0.9984,-9.0074,0.2046,0.2595,-1.0773,-658.2136,-1867.7754,1,pod_crash
40.145,65.487,0.5222,1.7647,1.5715,2863.2586,4146.8234,3.7934,-17.0073,0.1351,0.2191,0.15,-719.7755,941.865,6.4993,4.2477,-0.0101,0.4053,-0.0649,858.2278,-50.7371,0,timing
26.8827,12.2507,0.5982,0,1.044,6376.1974,5880.0292,4.0687,-0.9932,-0.0517,-0.0467,0.2449,1003.3095,-1380.5501,-5.4759,-1.6077,0.3681,-0.0155,-0.5282,3186.9329,-787.3977,0,pod_crash
66.706,39.2823,0.0875,0.0133,0,4745.1439,1764.9679,7.1371,7.9008,-0.0586,-0.0013,-0.0026,-475.4057,528.5299,-28.6783,0.132,0.0253,0.0281,0.0756,1189.119,-438.6537,0,cost
33.3866,12.1603,0.2584,0.4972,3.7176,2502.3763,4746.4401,9.9565,2.8534,0.1136,-0.0052,-0.0842,210.6343,771.9889,-5.2191,1.4952,-0.0568,0.1211,-1.526,-440.0347,1701.2277,1,pod_crash
32.8695,34.1807,0.0654,0.3942,0.0946,4390.1908,1693.86,3.8911,4.271,-0.0448,-0.0491,-0.0065,-42.8838,5.2934,16.1536,4.7972,0.0544,0.0923,0.1037,-1444.641,-813.3391,0,cost
10.4477,15.5498,0.0178,0.0759,0,2704.3961,5070.4571,-0.0189,-0.0018,-0.0055,-0.0263,-0.0137,0.0063,-0.0018,0.0517,-0.0333,-0.0434,0.0249,-0.002,-0.0062,0.0061,0,normal
103.0607,77.4109,0.2712,0.3834,0.0294,4453.2676,4693.988,30.4085,-16.3343,-0.0531,0.0308,-0.0021,-840.487,-474.1785,-46.1633,-2.7492,0.0869,0.2376,-0.1261,1139.857,-1327.3124,0,resource
18.9739,23.8523,0.3849,3.2021,0.0632,576.6736,620.6536,-2.7724,5.8285,-0.0873,0.0304,-0.0303,-53.2471,-147.0805,-5.7695,-0.8101,0.08,1.0756,-0.036,97.2906,-93.5921,0,network
12.0823,20.5958,0.0076,0.0476,0,3208.1664,3558.5807,0.0111,0.0234,0.0354,0.0111,-0.011,0.0046,-0.0064,0.0137,-0.0621,-0.0367,-0.0091,0.0598,0.0794,-0.0384,0,normal
13.3842,28.9338,0.2012,0.6653,2.6901,3240.6248,5844.8935,-2.0486,8.4822,0.0244,-0.2872,0.9085,-408.6756,-907.2124,0.3123,10.6442,0.0507,0.07,-0.7887,988.9313,107.2065,1,pod_crash
11.941,25.0045,0.5762,1.9027,2.7336,4566.4892,2853.0215,-1.3511,7.2344,0.12,0.2329,0.177,-354.6333,-712.9363,4.4932,-1.9561,-0.2794,-0.2996,-0.8666,-70.5716,580.8168,0,timing
107.2797,55.4392,0.0631,0.7753,0.6388,3644.2008,5903.6558,-1.8393,-14.4893,-0.1051,-0.1345,-0.14,-126.1346,-1198.5027,39.9839,10.6073,0.0546,0.2472,0.0929,1509.6726,165.2087,0,resource
28.6461,23.6853,0.498,0.6893,0.5642,6756.5397,5373.4622,5.5188,-2.7832,-0.0707,-0.178,-0.1831,1767.3044,486.0423,-4.8788,7.6759,-0.1121,-0.2028,0.1052,599.2673,-0.3556,0,pod_crash
18.071,28.3257,0.5703,0.3808,3.2426,10001.9257,1617.7359,0.882,-6.1394,0.0198,-0.0367,-0.8776,-2358.8523,250.7138,3.2273,-3.2552,0.2603,0.2055,-1.1614,-4428.2086,133.5205,0,pod_crash
31.5016,26.6795,0.3362,2.958,0.1406,0,780.7706,8.7953,-2.5328,-0.0549,0.8133,-0.0343,-0.0049,228.7068,4.5318,-0.9365,-0.1138,0.4715,0.1107,-0.0275,-205.8865,1,network
28.2413,17.3684,0.3961,2.1176,0,740.8352,0,1.8753,3.853,0.0733,0.4093,0.0628,-101.9419,-0.0597,7.5305,2.8355,0.0089,0.6296,-0.0682,224.6643,0.097,1,network
19.1676,18.7558,0.4318,4.3153,0.1404,348.5585,878.9317,0.598,2.1966,0.0562,0.4631,-0.0013,33.5429,-143.5582,-2.3431,-7.2875,-0.0731,-2.0345,-0.0946,59.3688,-108.9911,0,network
26.7568,24.2342,0.2072,0.4669,1.6214,6290.1256,2141.5177,-0.8105,-1.3643,0.0009,0.0989,0.4026,-1322.9032,-240.2991,11.649,0.1959,0.0383,-0.1588,-0.6251,1189.5626,467.4776,0,pod_crash
14.8501,22.9762,0.5442,0,2.3663,3185.4846,6519.675,2.3267,1.6078,0.0645,-0.0813,0.2108,-804.78,-1795.8735,5.5073,-11.5176,0.3018,0.0601,-1.1532,1183.1471,2227.3125,1,pod_crash
74.9714,85.558,0.3315,1.7611,0.6533,6656.0674,7684.6388,10.4102,-18.6071,0.0629,-0.387,0.1064,1740.0554,1046.3917,8.39,6.9995,0.0825,-0.777,0.091,-1220.4329,623.4443,0,resource
39.6316,24.1355,0.0195,0.5138,0.0413,1327.6501,3665.5423,-2.9492,-6.6245,-0.1424,0.0289,0.0704,155.3362,-583.9439,-8.9709,-1.4372,0.081,-0.1247,-0.0017,-572.1618,1139.1114,0,cost
30.8683,24.2481,0.4397,5.7946,0.0325,400.5191,211.0386,5.6811,3.3606,0.0193,1.4573,0.0537,7.8818,37.1895,-15.3956,8.8806,0.1219,-1.5564,0.0676,45.6548,-79.6804,0,network
61.4212,31.3684,0.1514,0.4524,0,2541.4021,1790.608,-14.2557,6.6445,-0.0743,-0.0656,0.0194,-67.8693,-158.58,1.8672,11.984,0.009,0.1744,-0.0569,-836.044,-782.8115,0,cost
69.9486,41.2812,0.2112,1.476,1.5835,687.8353,1901.5587,-8.4426,-10.527,0.0729,0.3172,-0.0866,9.9826,-247.6329,6.5211,-13.3648,-0.1057,-0.1188,0.2282,-332.7159,-723.0912,0,timing
41.9062,48.2095,0.1095,0.64,0.2588,2469.6257,1670.8789,-4.9957,2.0109,-0.0278,-0.2664,0.0373,-83.4395,-102.6672,-15.6018,2.3873,-0.042,-0.3495,-0.0034,432.8571,-727.0753,0,cost
28.0538,29.5773,0.4723,2.443,1.6512,5099.816,2606.9378,6.291,5.4235,0.1193,-0.5734,-0.2953,898.1399,-475.1746,9.8178,-7.5892,0.032,0.9129,-0.7991,-1671.7204,-789.1195,0,timing
54.6922,29.7613,0.5568,1.7934,2.7523,4150.8341,2802.2468,-4.5077,-0.8384,-0.1247,0.099,-0.447,-792.8801,787.8468,-12.7547,7.3499,0.0379,-0.0795,0.3373,2058.7704,1310.348,0,timing
80.2568,77.5117,0.2802,1.6117,0,6699.1171,5536.5401,-11.4462,-1.1033,0.0387,-0.0782,-0.0322,1495.2983,-1635.9568,15.1883,11.9172,0.1011,-0.5815,-0.0302,-2297.6991,-2612.2618,0,resource
49.0334,38.31,0.7057,1.1373,1.3131,3439.0811,3608.1353,-9.3892,-5.9826,-0.1422,-0.1435,-0.2165,-49.5658,-970.4149,22.1487,13.6508,0.1916,-0.4946,-0.4548,-1081.1567,1269.9487,0,timing
18.1854,21.7127,0.022,0.0822,0,3863.7102,4697.8465,0.0008,0.0014,-0.0051,-0.0099,0.0187,-0.0071,0.0083,-0.0071,0.005,-0.0014,0.0084,-0.0311,-0.0061,0.0451,0,normal
67.6855,84.4691,0.6203,1.4904,2.1471,4844.6619,4286.7122,-19.1554,14.3383,0.1436,-0.2843,-0.3445,-285.5716,1283.3884,-10.8131,-7.2609,0.1429,0.6464,0.5,340.3049,1335.5623,0,timing
45.7638,44.5375,0.5812,1.2253,2.088,2585.3889,4407.8949,4.1224,9.9479,-0.0858,0.0424,-0.2587,66.0276,1141.2335,16.5435,15.8785,-0.3575,0.5065,-0.1186,-908.1804,1581.8344,0,timing
25.8893,18.4142,0.252,2.278,0.8305,287.3333,417.8165,0.7536,-3.9215,0.0336,-0.4466,-0.0988,64.7739,119.8903,-2.3173,2.7642,0.0477,0.5079,0.0577,112.1847,-159.3495,0,network
31.7875,67.0538,0.4089,1.5634,1.4063,4549.5738,3276.2753,-8.1293,3.2565,0.1154,-0.3219,-0.4567,-199.554,850.3556,14.091,26.6981,0.068,0.6104,-0.506,1832.185,-1107.7556,0,timing
22.6448,20.3889,0.3587,1.7236,0.3088,553.9717,1157.6172,0.9859,-4.7639,-0.0281,-0.2722,0.0342,96.1153,87.6977,-1.9434,8.9233,0.1641,0.7864,0.0152,-188.2237,310.6304,0,network
17.5556,28.576,0.3089,3.1579,0,756.5315,487.4564,2.0346,-5.1269,-0.0805,-0.1723,-0.0286,92.1148,40.3898,3.7627,-9.3648,-0.0025,-1.2802,0.0045,-253.7596,215.5091,0,network
22.9972,73.8049,0.5967,3.2955,0.9708,5890.4794,1913.9884,3.5071,-8.58,0.1193,-0.3685,-0.0861,1617.9102,473.994,3.8047,-25.3822,0.2675,1.3413,-0.0449,-1209.9821,-197.3335,0,timing
30.5417,37.5222,0.4572,1.6121,2.2005,3570.9342,5403.9031,-1.5812,0.0796,0.1375,0.2102,0.0354,-211.1947,482.9974,10.7248,-2.7539,0.1882,-0.2751,0.2057,-870.2732,-282.5359,0,timing
59.9759,47.2301,0.1718,0.3614,0,2523.7936,4125.7698,9.1394,-1.5656,-0.0842,0.0863,0.0582,-75.8282,29.2713,-3.4424,-6.4966,-0.169,0.088,0.091,-348.7003,779.3528,0,cost
63.0296,13.2901,0.115,0.5956,0.1569,2202.45,1695.937,12.6406,0.5176,-0.0629,-0.0752,0.0479,-517.4165,395.0664,14.1818,5.8953,0.0201,0.0925,-0.1287,-1092.3338,384.8887,0,cost
73.7148,72.4839,0.0817,1.2441,0.5351,8531.5018,7664.9993,7.9542,2.9001,0.0432,0.3596,0.0001,2336.0113,746.2087,-19.6833,-12.1425,0.0803,-0.3743,-0.2515,1888.5889,-2991.7,0,resource
70.4363,25.3162,0.0621,0.6305,0.0952,1801.4076,3300.7177,-7.0564,2.2294,0.0492,0.051,0.0253,311.7967,-91.0296,-31.1759,3.0491,-0.0295,0.1145,0.0066,503.869,-1640.3137,0,cost
25.2325,16.8913,0.0072,0.0876,0,4116.3797,3065.0848,0.0073,0.0158,-0.0271,0.0012,-0.0329,0.0101,-0.0146,-0.0526,0.0453,0.0061,0.0059,-0.0411,0.0417,0.0288,0,normal
10.3371,16.3779,0.0131,0.1031,0,4442.7753,5963.7514,-0.0135,-0.0151,0.0035,-0.0069,0.0157,0.0346,-0.0135,-0.0247,-0.004,-0.0116,-0.0204,-0.0319,0.0142,0.0257,0,normal
13.3129,63.8023,0.5031,1.5694,0.3034,3223.1919,568.6424,3.0467,-1.9672,-0.0454,-0.2518,0.1562,-704.8544,77.8019,-1.8423,2.2888,0.0666,0.0024,-0.057,-1231.0364,162.1188,0,timing
92.2109,83.7902,0.1602,0.6931,1.0856,4031.8899,8275.6289,0.9149,5.813,0.0059,-0.1407,0.261,-1134.5527,-713.4308,-20.8829,-23.1918,-0.0488,-0.2429,0.1544,1816.0077,2310.1165,0,resource
15.3391,18.7576,0.0078,0.073,0,5345.4928,6373.4536,0.003,-0.0027,0.0103,-0.0112,-0.0086,0.001,-0.0077,-0.0524,-0.0164,-0.0092,-0.0488,-0.0219,0.0051,0.0516,0,normal
60.2797,66.2252,0.2313,1.8814,0.2987,8089.1344,5417.8674,13.2999,-5.294,-0.0961,-0.3082,-0.0577,-1317.0269,155.6421,25.1066,23.2792,-0.1734,-0.3238,0.0345,-3040.567,-1027.4762,0,resource
31.567,32.114,0.8372,0.3177,3.5696,7913.3982,5255.1738,8.2678,-3.7009,0.1734,0.115,0.3142,848.7201,-65.6365,14.924,-13.4246,0.2554,0.0035,0.3567,1538.3132,-1697.1002,0,pod_crash
42.0592,32.741,0.3422,0.4773,2.2493,4952.571,6746.1037,-3.1697,0.0729,-0.1058,0.1038,-0.3339,-14.5513,1685.4106,11.9787,7.0264,0.0187,0.1792,-0.6235,-649.4623,-2490.0953,1,pod_crash
35.6051,15.1294,0.365,0.332,0.9967,2866.0928,4125.0378,-4.6566,-0.9738,0.0173,0.0521,-0.0199,-747.2873,-326.727,-3.463,1.5006,-0.0287,0.0581,0.077,-550.3008,656.0939,0,pod_crash
60.6311,23.503,0.0257,0.2372,0.2494,3652.3849,4919.2208,-4.218,-0.6121,0.0444,0.0685,0.0685,381.5287,186.1298,-6.152,4.8289,0.0313,-0.0762,0.0272,774.245,-2290.1556,0,cost
21.4044,29.8394,0.0272,0.0755,0,4185.6959,2447.3056,0.0063,0.0128,0.0117,0.0217,-0.0032,-0.0246,0.0133,0.0299,-0.0724,0.0303,-0.0153,-0.053,-0.0262,0.0611,0,normal
16.0206,28.8106,0.3755,3.1257,0,1034.8395,979.7192,4.3529,-3.4694,0.015,-0.904,-0.0489,225.971,-287.3675,-1.4758,1.6648,-0.0661,0.857,-0.1146,282.5915,37.2156,0,network
16.4259,23.0842,0.4896,3.0238,0,274.3056,431.6612,3.2586,6.655,-0.0333,0.1334,-0.0636,-43.1044,58.3786,-6.2742,4.4227,-0.1265,1.2577,0.0511,103.7166,-100.4615,1,network
87.6485,66.7285,0.1687,0.9994,0.6255,10397.0014,6816.7818,22.4003,18.8653,-0.0531,-0.3019,0.1055,-957.484,-69.1067,29.4858,-30.1349,0.0588,-0.2347,0.0552,4851.7289,469.7597,0,resource
41.1123,34.3745,0.6629,0.7648,0.8458,6391.1148,5473.9948,-7.5466,7.9408,-0.0777,0.04,0.0076,-1656.5768,-1496.9398,8.9427,9.9861,-0.089,0.1667,0.2978,1228.9749,2254.5329,0,pod_crash
6.9796,16.2959,0.4809,0.1904,2.445,4083.103,6919.5815,1.1726,4.2521,-0.0883,-0.0154,0.6143,-397.1903,-751.1411,1.2362,-7.2429,0.0277,0.0549,-0.8073,505.6447,1859.7709,0,pod_crash
94.6525,68.5872,0.0982,1.4754,0.2357,6781.0563,6904.5704,-25.3111,5.7252,0.0459,-0.0656,-0.0501,-1241.5246,1022.8576,-38.9902,-25.1587,-0.0934,0.3492,-0.0146,-103.7098,-2131.8423,0,resource
9.8166,15.5629,0.0113,0.1161,0,3348.4068,4223.8149,-0.0232,0.0184,0.036,0.0094,-0.0142,0.0162,-0.007,0.0359,-0.0122,0.0137,0.0005,-0.024,0.0113,0.0105,0,normal
48.4458,47.0663,0.0525,0.6694,0.2562,3906.5133,4858.0925,-13.6976,-5.22,0.0303,0.1341,-0.0283,-421.2585,380.1847,-16.5443,22.8721,0.0883,-0.3181,0.1598,-1118.8835,-1360.894,0,cost
22.7546,22.5244,0.3051,5.2883,0.1699,551.6021,259.606,-0.7135,-1.6762,0.1191,0.9324,0.0111,12.8097,75.8266,4.6985,5.8802,-0.1268,0.3979,-0.0781,-137.4785,83.7798,0,network
65.3948,24.1331,0.1326,0.3018,0.2939,2279.1547,2829.0978,17.7085,0.1778,-0.1065,0.0474,0.0331,562.6239,-21.3925,-0.6006,-4.6246,0.1815,0.097,0.0132,297.8078,-582.1323,0,cost
38.9701,40.0176,0.1406,0.5623,0.1299,4043.1306,1882.5932,10.5887,3.1252,-0.0376,-0.1158,-0.0689,-70.7528,189.1542,-0.9452,-13.5114,-0.1037,0.2242,-0.068,-1957.0871,474.4881,0,cost
78.3352,68.1221,0.1815,0.9021,0.9325,7116.3436,10802.6186,-20.2571,2.9475,-0.0645,0.064,-0.2327,-1514.531,-2921.3194,-14.1847,28.5402,-0.0885,0.4794,0.2847,1193.0517,3719.5117,0,resource
13.6597,13.2536,0.0201,0.0902,0,2807.803,5693.9379,-0.0015,0.0205,-0.0089,0.0198,0.0057,0.0222,-0.0044,0.017,0.0177,0.0166,-0.0027,0.0042,-0.0084,-0.0007,0,normal
10.9908,23.4407,0.0158,0.0719,0,2810.2068,3121.2744,-0.0328,0.003,0.0114,-0.0209,-0.0302,-0.0196,-0.0117,-0.0632,-0.0504,-0.0081,-0.021,-0.0395,-0.0157,-0.0058,0,normal
24.0691,44.3559,0.5185,0.6082,1.1202,9950.4476,6664.9603,-6.5158,-7.98,0.035,-0.0153,0.2031,-873.9492,1494.2924,9.5152,10.4887,0.1654,0.1902,-0.413,-2892.3459,-412.8523,1,pod_crash
13.0033,10.3,0.0218,0.0586,0,3446.9335,4406.1447,0.0061,0.0127,0.0039,0.0359,-0.0042,-0.0331,-0.0056,-0.026,0.0287,-0.0566,-0.0496,-0.0047,-0.0345,0.0017,0,normal
28.1515,18.1515,0.284,1.403,1.4682,2093.8143,2145.7102,6.6009,5.2665,0.006,-0.0069,0.2011,-534.2714,141.4847,-7.9235,7.1784,-0.2107,-0.5192,0.5317,-799.8328,160.4723,0,timing
87.975,77.3315,0.1877,1.8616,0.4303,4646.934,5477.4448,22.9127,16.4953,0.0878,-0.008,-0.0517,-47.719,128.4222,-14.6501,-37.7203,-0.0611,-0.0591,0.118,-1829.0112,-1372.7724,0,resource
82.726,63.5431,0.104,2.0643,0.3963,9651.2866,9800.4922,18.3422,8.1709,0.0622,0.0148,0.0031,-1040.4586,-358.8574,6.8383,12.3338,-0.0748,-0.6529,-0.0298,1532.6583,-3141.441,0,resource
18.7068,33.0084,0.1867,4.5282,0.0142,409.9844,233.4815,4.3038,-2.3112,0.0122,0.863,0.0874,-24.2392,19.0783,-3.8233,13.9889,-0.0143,-1.3182,0.0724,89.7959,22.0234,1,network
45.5222,42.1752,0.4589,1.7192,0.0903,3737.9912,4593.7413,-3.3706,5.2646,-0.0526,-0.383,-0.0404,-1103.6566,128.7451,-20.6142,5.3329,-0.2699,-0.7163,0.036,-682.7941,1495.4218,0,timing
45.7562,37.4917,0.0277,0.4321,0.0202,4648.1098,2189.5487,-2.5983,-2.7926,-0.0759,-0.1473,0.0304,582.5456,-358.7487,-12.0992,9.3495,0.0401,0.1014,-0.0048,1253.851,-528.2248,0,cost
16.353,27.7996,0.239,0.4423,2.2712,2433.6709,5374.8327,2.496,-6.2709,0.1103,0.0964,0.0585,151.0674,243.4999,0.8364,-10.0964,0.0546,0.2158,1.0349,417.9083,825.6129,1,pod_crash
19.3034,20.6162,0.2754,1.9702,0.4294,972.4384,651.6921,0.6068,1.968,0.044,-0.3329,0.081,28.3755,78.8304,-2.2956,2.5951,0.0472,-0.021,-0.0861,242.7494,35.862,1,network
15.2631,22.2603,0.0321,0.0755,0,4176.7449,4630.1257,0.0063,0.0012,-0.0023,-0.0085,0.0054,0.0076,0.0211,-0.0264,-0.0327,0.027,0.0588,0.0419,-0.059,-0.0574,0,normal
6.639,30.3593,0.2308,4.1313,0.5053,222.3639,95.1663,1.024,3.7936,-0.073,-0.3727,0.0935,-39.9635,9.4857,2.6213,-9.3208,-0.003,1.8833,-0.1458,13.5734,-22.8401,1,network
12.6143,22.2563,0.0203,0.012,0,2979.0854,3297.7508,-0.0127,0.0048,-0.0088,-0.0334,-0.0147,0.0037,-0.0145,0.0281,0.0397,-0.047,-0.0316,0.0065,-0.0257,-0.0446,0,normal
74.925,70.417,0.0788,1.5838,0.4309,7950.9774,6684.3349,19.7719,-4.8945,0.0366,0.3705,-0.0734,92.2452,-1701.464,27.4324,8.0896,0.0046,0.1093,0.1603,1386.3332,2468.7351,0,resource
23.4585,24.0421,0.5628,0.5714,1.8263,6150.2583,6271.2423,-6.8136,-1.7853,-0.0873,0.0859,-0.2462,1678.0977,1447.0879,-10.6741,9.2403,-0.0027,-0.1264,-0.4465,2577.4978,-1060.2739,0,pod_crash
40.6934,39.762,0.6392,0.5633,2.8519,4472.1397,4303.8273,2.1889,9.3184,-0.3069,-0.0964,0.2382,-656.0599,-1153.562,-15.0766,-12.4838,-0.0533,-0.1457,-1.124,1205.2126,-934.4209,0,pod_crash
80.551,95.6283,0.1986,1.5273,0.5725,3774.3086,3669.6209,9.8045,13.8601,0.0643,0.1647,0.0116,-641.7626,-557.3384,5.0334,20.9689,-0.0163,0.4304,0.013,1056.9305,1656.7696,0,resource
23.8555,83.7472,0.448,2.4933,1.1921,7147.4548,5104.7222,-6.8259,-1.6997,0.054,-0.1163,0.0807,287.5097,95.7407,-10.9988,-24.2901,-0.1942,-0.765,-0.535,375.6757,-2028.3482,0,timing
22.6193,28.1818,0.0323,0.8787,3.1537,6390.4549,9854.5519,-0.6702,-4.7896,0.0935,0.0569,0.3059,-407.6774,-1138.7263,10.8564,-6.6546,0.1515,-0.3715,1.2333,910.5944,2455.447,0,pod_crash
22.5428,30.5412,0.0053,0.1281,0,2780.6889,5090.973,-0.0264,-0.0076,-0.0161,0.032,-0.0142,-0.0287,0.0238,-0.0009,0.0049,-0.032,0.0184,0.0068,-0.0117,-0.0674,0,normal
24.7671,19.7709,0.0227,0.0944,0,4275.9964,5879.8519,0.0005,0.0107,-0.0379,0.0064,-0.0114,0.0265,0.0015,0.0135,0.0298,-0.0228,0.0442,-0.026,0.0317,-0.0324,0,normal
10.2221,31.0837,0.482,2.2338,0.1678,862.2467,543.3989,-1.9126,5.9565,0.1309,0.1373,-0.0147,206.7128,113.7728,1.3203,10.6999,0.0158,-0.9544,-0.0521,270.0296,-105.5883,1,network
92.819,76.876,0.2933,1.9641,0.256,7630.1803,5809.6862,12.9025,-0.9106,-0.025,-0.2491,-0.0484,-570.0979,-1521.7818,17.8147,-10.3691,-0.0568,0.9413,0.1476,3472.3086,-150.4832,0,resource
27.6767,11.643,0.2654,1.3901,0,6063.2189,2197.1061,-1.0895,-0.6833,-0.0514,0.3245,-0.0641,193.6057,-406.959,1.1798,0.5576,-0.0248,0.3829,-0.1587,-1215.3225,-264.802,0,timing
43.5546,12.872,0.591,1.9149,1.5606,4603.1327,3460.2869,-9.3141,2.0712,0.0987,-0.0931,-0.4584,15.5983,935.8477,-2.7464,-1.2646,0.2774,-0.5874,-0.1327,1654.1339,1669.2157,0,timing
25.1479,27.3817,0.4224,0.4298,0.8354,6948.5522,4307.1675,6.9478,3.6808,0.0908,0.0321,0.0277,-1847.4496,-634.8286,-8.6362,10.9976,0.1673,0.0532,0.0417,2043.2547,242.6673,1,pod_crash
33.7757,38.8335,0.5716,2.3309,2.5725,2050.8067,1475.9667,8.0085,8.0003,0.1186,-0.4132,0.2547,-505.5585,-24.2471,16.3817,-14.5356,-0.3544,-0.3813,1.1457,-703.3207,616.3605,0,timing
18.1949,28.1046,0.493,4.0695,0.2498,215.9714,633.6096,-2.2921,7.8275,0.1474,-0.0218,0.0915,-54.7037,-23.2355,-8.2148,-5.3669,0.1324,1.8021,0.1175,94.6333,302.0964,0,network
37.768,37.5636,0.4052,0.2854,1.5151,6731.6527,5025.7774,-10.099,5.4409,0.0026,-0.0496,-0.3226,-1764.1953,1242.3253,16.578,-4.9002,-0.157,-0.0113,-0.5424,424.3272,325.3942,1,pod_crash
20.8141,34.457,0.3513,0.5796,0.0573,5897.8817,5306.7763,1.7943,-10.291,-0.1054,-0.0893,0.058,-92.9259,1567.0846,-2.3523,12.559,0.0841,-0.1852,0.0486,2848.8354,-2298.155,1,pod_crash
17.7835,27.7222,0.3768,5.4682,0.1049,642.1325,244.1387,-5.0787,0.4224,-0.0821,0.1179,0.0163,-22.1849,-44.2141,5.5506,1.5021,-0.1656,-1.7767,0.069,-149.2943,-10.8251,1,network
11.0937,20.29,0.4187,0.5598,2.0596,5828.4256,4074.8875,2.2345,1.7526,-0.1714,-0.1039,0.2379,-446.5887,-1193.012,1.9006,-0.1449,-0.1964,-0.2962,-0.2341,-2437.7885,1046.7109,1,pod_crash
83.2,76.7676,0.1342,0.6716,0.365,7839.73,7612.4691,-1.2041,-17.038,-0.0156,-0.1084,0.0671,-1120.8569,1542.6861,32.4259,-20.5227,-0.0831,0.0308,-0.1684,-44.7211,-2237.8823,0,resource
54.1236,28.2684,0.7005,2.6224,1.4163,4793.5982,3171.3179,-10.824,2.3872,0.1331,-0.7356,0.4856,904.7595,-322.6294,12.2199,-9.988,-0.196,-0.1128,-0.8113,450.5664,432.291,0,timing
29.8781,26.4742,0.5898,0.5783,2.732,6991.3944,4064.9218,-6.3519,0.0955,0.0361,-0.1662,0.7232,1187.7046,890.7973,14.5618,-2.5693,0.1222,0.2525,-0.9487,3022.4481,860.0495,1,pod_crash
85.0698,90.4196,0.1827,0.8188,0.6004,6171.2244,4174.0985,5.7048,-22.1266,-0.1006,-0.147,-0.026,941.176,-18.956,28.4459,-17.0211,0.0367,-0.2368,-0.2875,-2604.3482,1657.7931,0,resource
32.6166,38.1906,0.3849,0.7802,0.7234,5506.8036,3905.9546,1.1005,10.1799,0.0103,0.0763,-0.1149,-432.852,868.1851,-7.7187,7.374,0.1302,-0.2317,-0.1227,-2205.3453,1268.5957,0,pod_crash
19.0739,66.2257,0.6337,1.7261,2.0305,1848.2094,5515.6756,0.8568,8.5047,-0.0651,0.3773,-0.4926,123.5402,1419.5885,-7.9609,-10.7972,0.3438,0.0163,0.0688,771.2591,-1592.2968,0,timing
59.3718,42.8785,0.5509,3.4864,0.6646,2541.3523,4629.8798,3.6763,-10.3408,0.1262,0.8616,-0.0068,761.7352,1316.2966,10.3637,20.3578,0.0976,-1.486,0.2314,270.0271,501.3792,0,timing
36.272,23.1647,0.5518,0.3638,1.536,6936.7884,4380.6762,-10.1119,-6.8946,-0.1634,0.0905,0.0477,1377.35,580.9467,13.936,-8.9145,-0.2364,0.0195,0.6733,-349.7952,-1740.7884,0,pod_crash
24.7517,22.1305,0.3371,2.6052,0,641.3448,871.2349,-0.8884,-4.4042,-0.0849,-0.1357,-0.0882,9.3506,126.6704,-10.0455,-4.2415,-0.0304,0.5506,-0.0293,-266.9901,-63.1603,1,network
20.2998,14.9924,0.3166,4.0405,0.4419,757.8155,770.0273,6.0316,3.707,0.0324,0.8971,-0.06,-131.3236,84.8176,-9.2325,7.0239,0.0924,-0.6447,0.0805,274.2325,79.8805,1,network
64.7411,45.7894,0.0673,0.3307,0,1799.2182,1426.1485,-9.2025,7.0054,-0.0454,0.0243,-0.022,-166.8489,309.5581,7.9025,16.8657,0.0748,0.0307,-0.119,220.0772,558.1053,0,cost
13.2069,43.5191,0.2805,4.8464,0.0471,672.6547,456.4045,-1.7811,-8.4754,-0.0333,0.2829,-0.1201,-112.234,0.914,2.5414,11.2019,-0.0925,2.1865,0.0433,263.7212,-223.6789,0,network
99.8998,77.7665,0.3172,1.2417,0.7357,8031.3733,6191.0616,13.8567,-13.1178,-0.1094,-0.1535,-0.0205,244.5704,-858.9759,-16.4344,21.0921,0.0579,0.3356,-0.0454,3372.1393,232.7109,0,resource
95.7609,82.5926,0.2152,1.3946,0.7623,6986.6041,5561.8334,-2.0632,7.2618,0.0057,-0.1705,0.0344,828.4019,-1148.0962,-41.7433,34.9091,0.046,0.3583,0.3788,-2449.0562,-2306.5309,0,resource
91.6417,98.0699,0.0881,0.8137,0.4706,10602.438,4501.0155,25.6075,1.9392,-0.0044,-0.2522,0.0607,1744.4021,-1134.4321,-1.9196,-20.1532,0.1923,-0.2668,-0.157,-394.5962,489.6085,0,resource
7.9743,25.0318,0.6022,0.432,2.6863,5813.4942,5672.9503,0.293,6.2953,0.1501,-0.0123,-0.018,-244.65,607.091,0.3987,0.1812,0.0788,0.0304,-0.1714,2867.8128,-860.9698,0,pod_crash
68.2671,40.0889,0.1992,0.1262,0.1086,3617.0804,2972.636,0.8445,-9.0161,-0.0789,0.0764,-0.0229,160.9905,559.4313,11.0316,9.5281,0.0134,0.0357,-0.0117,-1025.7947,962.092,0,cost
84.4975,67.9239,0.0251,1.1005,0.3603,4302.5636,4849.5386,-6.7125,-2.805,0.0186,-0.2205,0.0424,-1211.5429,-170.9363,-6.6337,29.7901,0.0416,-0.0175,0.1274,1937.765,-1277.1878,0,resource
17.2542,25.4257,0.3958,3.1541,0.2621,737.8247,215.8991,-4.3082,0.12,-0.053,0.1438,0.0262,-200.6749,12.3538,6.6421,-0.6088,0.0459,-0.2361,-0.0595,42.4253,14.4928,0,network
19.2522,22.6173,0.4137,2.2385,0.4226,543.7109,875.7934,1.1228,-0.6454,0.0374,0.3198,0.2075,27.1759,152.2588,-4.335,-7.6188,0.1999,1.1536,0.1494,-244.6308,100.9503,1,network
9.5858,20.4477,0.412,4.7388,0.224,438.418,276.1739,1.0143,5.2644,0.0053,1.0289,-0.0278,80.0221,-68.4746,2.1527,-7.8469,-0.1177,0.3609,-0.0217,-38.1725,53.2814,0,network
33.4819,48.269,0.3561,2.7031,1.3946,6868.8442,3140.935,-4.3055,3.3602,0.047,0.7541,0.4318,-8.1706,-783.3491,13.5092,12.8448,-0.0534,0.186,0.2798,408.6674,531.6286,0,timing
10.7324,17.3378,0.0273,0.0903,0,5825.6821,4803.2581,-0.0084,-0.0233,0.0014,-0.0161,-0.025,-0.0321,-0.0121,0.0519,-0.0099,-0.0165,0.0019,-0.0467,-0.0256,0.0346,0,normal
26.8043,50.1451,0.0616,0.549,0,4466.7949,3729.018,0.1394,5.0573,-0.0448,-0.0361,0.0102,-14.7355,17.6888,-13.3621,-22.3353,-0.0056,-0.0428,-0.0766,1210.0758,-785.1165,0,cost
91.1682,89.8581,0.2849,1.4709,1.2179,5345.2816,6817.5214,-15.1061,0.7228,-0.0994,-0.0296,0.0084,116.8397,1729.681,-1.0012,-31.4113,-0.1498,-0.4509,0.0732,-1504.8211,1262.7189,0,resource
81.7286,94.1053,0.2011,0.7564,0.3026,6131.5563,7023.3088,-16.1047,-1.6967,-0.0383,-0.2233,-0.0095,-76.7013,1198.2401,34.3102,-15.6445,0.0443,0.1967,0.2684,2693.8387,1686.6336,0,resource
65.1137,58.6285,0.0943,1.0426,0.4697,6302.3049,7361.7802,-19.4605,-16.6106,0.0036,-0.1821,0.0287,-1661.1144,-572.8917,14.1644,25.0878,0.0189,0.4178,0.0174,1951.2443,2606.0627,0,resource
51.421,32.6877,0.1333,0.086,0.1958,2648.6045,4341.01,-9.9386,-7.659,-0.0463,0.0185,-0.0542,377.7271,-259.454,22.9105,-12.8489,-0.0443,-0.093,-0.0121,1246.483,-1416.0579,0,cost
20.2966,27.2174,0.7602,0.7094,0.8299,6189.31,5206.5108,3.7299,-1.0318,-0.1314,0.1945,-0.0658,896.3295,-1119.3511,-1.8627,8.3823,-0.1558,-0.241,-0.0633,-1988.2981,-58.4129,1,pod_crash
7.1326,22.0308,0.0073,0.0872,0,5054.6474,4259.44,-0.0078,-0.0156,0.0041,-0.0445,0.0153,0.0237,-0.0166,0.0017,0.0137,0.0152,0.0434,-0.0117,0.0185,-0.0414,0,normal
51.2227,40.0228,0.0899,0.3876,0.2213,3893.9936,2913.2909,-0.274,-1.8461,0.0016,0.0156,-0.0321,-833.3602,-854.3875,-3.7871,-20.066,0.0938,0.2184,-0.0305,1749.952,1148.7532,0,cost
20.5072,44.963,0.5999,0.4819,2.1394,8717.4231,1787.1923,2.3801,-1.4695,-0.0231,-0.0248,-0.4399,1815.1809,113.308,-6.9456,-21.398,-0.2465,0.0459,0.1827,-2642.8083,-10.823,1,pod_crash
30.9755,32.6296,0.2899,1.7009,0.7192,6327.7026,5676.8304,3.3514,5.4122,0.0753,-0.2829,0.0121,-451.6148,-486.9712,-5.251,2.9132,0.0797,-0.2375,-0.0805,1900.1113,-2285.5171,0,timing
25.4672,15.6353,0.0236,0.034,0,4282.8748,5616.8605,0.0214,0.0032,-0.0053,0.019,-0.0487,0.001,-0.018,-0.0235,0.0359,-0.0266,-0.0581,0.0124,-0.002,0.0007,0,normal
85.0504,82.2693,0.3955,1.301,0.7957,8378.2446,7479.6122,10.4273,21.9931,0.0598,0.0832,0.0072,-2079.4365,940.6319,30.4726,11.0798,0.2038,0.0697,0.1999,4040.9349,-3551.9953,0,resource
18.0925,5.4851,0.3303,0.4939,2.2403,4255.7019,3708.4436,-0.5475,-0.7952,-0.0268,-0.0916,0.0761,973.3178,582.017,-1.8781,0.096,0.0983,-0.2184,-1.0294,-698.9841,-162.8472,1,pod_crash
23.2043,35.3147,0.5987,2.0051,0.3493,929.0422,735.5933,-5.6105,-8.2877,0.2016,0.07,-0.0363,224.0198,-90.7398,2.3604,8.7967,-0.0471,-0.065,0.0418,344.3425,-195.335,0,network
24.5242,41.0643,0.1031,0.1524,0.1341,2333.8093,4305.1343,-6.1462,1.0597,-0.005,0.0111,-0.0458,623.5181,618.5863,3.9225,-11.4054,-0.0976,-0.0373,0.0066,550.8425,763.3164,0,cost
26.8735,27.749,0.6356,1.7611,1.6434,2452.9473,4273.3383,4.4638,-7.0139,0.091,-0.4074,-0.0546,625.0546,-236.5205,10.728,13.7311,0.0603,0.6384,-0.2291,1.1247,834.0018,0,timing
9.7081,31.4929,0.34,0.3439,1.9827,6593.9083,5061.0743,-0.7087,0.0381,0.0944,-0.1053,0.3329,1893.4128,-668.9964,-4.6479,13.4348,-0.0869,0.0649,-0.4457,1519.4198,2197.9224,0,pod_crash
24.3556,23.3687,0.4281,6.0455,0.2683,596.8378,0,5.4062,1.9532,-0.0084,1.0245,0.0199,-27.1804,0.0194,-1.0461,-9.8909,-0.008,-2.6269,-0.048,163.3617,0.1167,0,network
16.4212,23.9667,0.6719,0.7301,0.2425,3038.4502,6703.5031,4.8935,0.63,0.0779,0.0231,-0.0311,881.6799,-855.5345,-1.5697,-10.1897,0.1655,0.1957,-0.1467,718.3118,-373.5834,0,timing
31.5986,14.7201,0.4025,1.9093,0,269.8617,54.3407,-5.6077,3.5043,-0.114,0.4186,0.0255,-32.0983,16.0445,-4.4159,2.8785,0.1821,0.2535,-0.0815,126.5081,-21.5083,0,network
21.1898,20.6755,0.0199,0.1085,0,3700.025,4634.9866,-0.0387,0.0449,0.0324,0.006,-0.0001,0.0057,-0.0169,0.0291,0.0443,0.0313,0.0135,-0.0134,0.0299,-0.0267,0,normal
95.5999,86.334,0.1387,0.8497,0.2408,9149.6805,4705.5815,10.2872,1.3879,0.0841,0.0653,0.043,1151.0472,1289.0934,13.3064,-39.6516,0.0135,0.0954,0.0467,-2793.1609,1885.2824,0,resource
24.5155,26.5542,0.4442,3.8725,0.0327,0,172.1628,6.6862,-7.9951,0.1139,0.9911,0.0902,0.021,41.5213,-7.7019,-5.8216,0.0472,-1.0174,0.0535,0.1889,52.5734,0,network
25.8236,39.8214,0.3642,7.7428,0.0696,649.3682,234.2957,6.2144,-1.0762,-0.0465,-1.2928,0.0156,72.6514,4.6394,-12.0437,18.095,0.0054,-1.5952,0.0188,196.9177,23.6362,0,network
21.7054,15.2435,0.4613,2.8227,0.0861,361.5837,468.7237,-0.3211,-0.7887,0.0466,0.5406,-0.0466,-53.8517,-113.7995,-4.6514,0.161,-0.2897,0.9023,0.0143,-144.7706,-43.8518,1,network
82.7055,69.4725,0.2515,1.3315,0.3663,5141.1945,2716.6528,0.0422,-9.1823,0.0049,-0.3607,0.1006,637.2206,-256.8289,-10.9088,23.953,0.0726,0.3092,0.1804,252.9526,1103.9151,0,resource
87.2704,95.8075,0.1163,1.3646,0.1932,4265.2324,8258.2377,-16.7037,-28.0285,0.0297,0.3432,0.0665,1035.1459,2055.5723,-35.7046,-20.1718,0.0549,-0.0326,0.0431,1597.3403,2662.3421,0,resource
38.8426,47.476,0.4517,1.4459,1.997,4137.9516,3213.5967,-11.0141,-8.0681,-0.0461,0.248,-0.6398,-631.7185,840.3496,0.0188,-5.2748,0.0777,0.5935,0.5774,-795.1191,679.8781,0,timing
12.2619,21.244,0.009,0.0829,0,4614.9644,4699.1267,0.0008,-0.0131,0.0014,0.0031,0.008,-0.0148,-0.0152,0.0221,-0.0205,0.0468,0.0061,0.0083,-0.0277,0.0322,0,normal
46.1389,63.0938,0.6258,1.0326,0.7765,3228.4083,4553.4509,-13.2551,11.5397,-0.0837,0.1635,-0.2563,154.9376,542.1727,22.0112,28.9093,-0.2914,-0.3615,-0.1696,-787.1307,-1623.6306,0,timing
25.8783,18.3286,0.0795,4.1925,0.1679,94.1302,457.926,5.7626,1.5633,0.058,-0.8285,-0.0639,17.9414,-5.6279,4.6213,1.4927,0.0636,1.8885,-0.0805,-9.0005,-167.5084,1,network
26.85,24.3344,0.5193,3.5395,0.4549,779.3949,366.1337,6.357,5.6057,0.0887,-0.1113,-0.0848,63.9067,-62.0537,-7.2307,-11.6844,0.0374,0.5139,0.1566,47.6406,-94.4349,0,network
22.8901,21.474,0.0066,0.0945,0,4222.8383,3003.8889,-0.0231,0.01,-0.0298,-0.0157,0.0109,0.0073,-0.0089,-0.0431,0.0124,-0.0381,-0.0158,0.0053,-0.0108,0.022,0,normal
56.4967,53.3181,0.2897,1.1603,0.6134,3114.2066,3147.9836,-2.1379,3.0937,-0.078,0.2634,0.2284,-68.8696,-930.3959,7.455,-4.6843,-0.1698,0.506,-0.1714,-601.9718,1417.2426,0,timing
56.3545,47.8858,0.1093,0.3948,0,3207.1425,2538.9918,8.1161,-5.9741,0.0254,0.0266,0.0081,787.4825,253.0125,3.1792,7.3474,-0.0302,0.175,-0.0356,1008.8907,376.6255,0,cost
59.8484,42.2304,0.0815,0.4626,0.1895,3236.8353,1943.7818,-12.7041,-6.7884,-0.0067,-0.0565,0.0541,847.8157,-99.1185,11.0447,-6.87,0.0523,0.1684,-0.0478,-1134.7433,815.8347,0,cost
24.6398,31.3365,0.6749,0.2443,1.8026,4446.7566,5580.4258,1.7428,-1.1856,-0.049,-0.0217,-0.3599,765.9419,358.1445,-4.9602,6.636,0.0024,-0.0462,-0.4493,-1253.1109,-432.0467,0,pod_crash
46.6037,34.5946,0.3619,2.4569,1.1739,3288.9708,3874.9199,11.2657,9.5239,0.0378,-0.7255,-0.0682,-211.594,-850.4401,18.1366,10.7501,0.1167,0.8867,-0.3567,-1414.2246,-1728.4005,0,timing
92.9311,75.7053,0.2415,1.5173,0.7724,9029.0727,7838.9535,-8.9528,14.849,0.1052,-0.2512,0.245,2545.6153,2128.3292,26.2772,11.3019,-0.1407,0.0291,-0.1803,1998.689,3110.214,0,resource
56.7024,34.4129,0.1122,0.3356,0.0406,3225.2848,4772.7136,2.1265,5.5231,-0.0188,-0.1103,0.0044,-525.7134,1419.1856,-18.8276,9.9565,-0.0278,0.0913,-0.0925,-1282.3217,-891.2985,0,cost
18.1282,18.7263,0.0194,0.0623,0,5601.9943,3222.4075,0.0571,-0.004,0.0211,0.0013,0.0017,-0.0337,0.0033,-0.0113,-0.0079,-0.0007,-0.0431,0.0343,-0.0353,-0.0,0,normal
13.7829,24.9512,0.4495,0.6909,2.8663,7284.3244,8912.8783,3.4956,-4.2154,-0.0208,0.0813,-0.5924,-377.7399,-2169.1543,-6.1145,11.1084,-0.1919,0.0767,1.1068,3501.5223,1272.8622,1,pod_crash
86.0196,86.3617,0.2066,2.8093,0,7197.2256,4112.4666,17.0451,14.6858,-0.0595,-0.0997,0.1094,1829.3645,650.7635,-1.7225,-38.9883,0.0146,0.1004,0.0055,2584.2462,1113.5705,0,resource
83.9592,71.9882,0.2596,0.0825,0.6006,5554.1062,5245.4171,10.0841,0.3795,0.1073,0.0578,0.0022,-1017.6806,-331.587,-5.2189,20.7553,0.042,0.1384,0.3177,2555.8106,2537.1914,0,resource
96.7203,67.3097,0.2304,1.3053,0.4585,5778.24,5228.6371,-1.4435,-7.0511,0.0279,0.1783,-0.2148,-805.038,611.7201,-18.6967,32.8433,0.042,0.2755,0.2529,478.8682,-2516.3941,0,resource
53.6339,39.341,0.1887,0.1772,0.0782,5482.939,2533.8358,-9.8713,10.0828,-0.0416,0.0909,0.0246,384.1459,-607.9447,24.3872,-7.8505,-0.0445,0.0297,0.0651,-611.2312,469.0251,0,cost
14.8552,20.4577,0,0.0166,0,3957.4829,3456.1344,-0.0141,-0.0028,-0.0204,-0.0272,0.0052,0.0332,-0.007,0.0208,0.0157,0.0167,-0.0043,-0.0007,-0.0004,-0.0031,0,normal
14.24,49.795,0.3227,0.6,0.6085,2961.2136,3961.5263,3.4015,-9.2936,-0.0437,-0.2562,0.1874,445.0914,1028.3967,-2.5459,11.2905,0.1464,0.2624,0.355,-0.0297,939.0353,1,pod_crash
24.369,31.3363,0.5403,2.1593,1.238,4513.0083,5157.1503,-3.2038,5.2811,-0.1054,0.4378,0.0611,-1043.7309,12.0485,-2.4423,-1.2512,0.2703,0.9547,-0.3024,-2111.7673,1317.0549,0,timing
27.096,29.3265,0.4686,1.9446,0.0976,379.9507,223.137,-3.8249,-7.157,-0.0799,-0.2008,-0.0935,9.671,-0.5735,2.5731,-5.6231,-0.0182,-0.9127,-0.0554,57.8872,67.975,1,network
52.5474,42.5278,0.1284,0.2949,0.1646,4270.4571,2568.4183,8.0245,5.0605,0.0656,-0.0234,-0.1121,-676.2538,446.0482,19.6415,15.6081,-0.0166,0.0288,0.022,-1688.3174,-929.2849,0,cost
81.1794,71.1879,0.0136,1.5503,0.7739,6603.6457,10880.9443,9.889,-10.4658,0.0117,-0.2036,-0.2435,-1593.1562,1961.4327,2.7135,16.8126,0.0237,-0.66,0.269,2448.2616,4574.8203,0,resource
7.8908,23.6617,0.0144,0.0917,0,1706.5562,1286.6522,-0.017,-0.0192,-0.0301,-0.0065,-0.0079,0.0453,-0.0226,0.0228,0.0007,-0.0032,-0.0103,0.051,0.0164,-0.0304,0,normal
14.776,38.5904,0.6362,0.8595,0.55,242.7025,244.7747,3.0136,-9.4653,-0.0127,-0.1093,-0.0894,1.9849,72.6798,-1.578,-18.4808,-0.0156,0.1027,-0.309,106.8117,-73.8485,1,network
30.2549,33.086,0.3761,0.6384,2.5386,4757.2318,3350.3551,7.4198,1.2456,0.0338,0.1391,0.4393,-1249.9051,-519.3586,13.1316,4.042,-0.0032,-0.1128,-0.0254,2297.3142,-1017.7488,1,pod_crash
82.8805,32.9827,0.028,0.6167,0.1352,4757.7724,2132.2359,-17.2816,5.6899,0.016,-0.1597,0.0467,-668.7295,381.2777,-38.2848,2.4514,0.0303,-0.2407,-0.0874,-1867.3175,-264.9971,0,cost
73.3594,69.6242,0.1314,1.6874,0.3827,5045.4856,3983.5554,-10.1457,19.4687,0.0436,-0.1183,-0.1547,1440.5595,-882.8127,-25.896,33.8261,0.1779,0.4564,0.0803,-1478.8336,1379.4639,0,resource
25.3466,25.3137,0.7489,0.5188,2.0405,1474.1454,6591.1782,4.4696,-2.8855,0.0066,-0.0733,0.2199,210.3807,-857.3541,3.8215,12.2408,-0.2297,0.0515,0.4496,338.2249,3049.0992,1,pod_crash
27.673,30.9096,0.6627,2.6231,0.2936,188.2575,92.9362,6.9305,2.4215,0.0466,0.8741,-0.0247,-17.6091,-17.9475,-0.0055,-14.2062,-0.4081,0.5012,-0.0529,-3.0324,-35.5627,1,network
32.8155,53.0786,0.4019,1.843,2.2146,5453.5874,6391.3182,-8.0346,5.7221,-0.0331,-0.3388,0.6399,798.0951,-1464.3756,16.2095,0.9446,-0.1445,-0.7266,0.6436,390.2444,-2206.3667,0,timing
37.3468,57.9864,0.1891,0.2766,0.145,3130.9133,1525.1902,4.21,-14.812,0.0435,0.0549,0.0628,237.7682,41.4438,-3.8523,14.3903,0.0177,0.1107,0.0396,294.2161,-666.1044,0,cost
20.5502,43.8191,0.6038,0.5256,0.8802,6855.0915,5926.768,-5.2329,10.4206,-0.0522,0.1238,0.1467,836.5024,-922.9051,6.2406,17.7515,0.3429,0.3168,-0.1571,468.2865,2088.6329,1,pod_crash
46.6375,35.0602,0.0858,0.545,0,2685.1753,3374.0768,12.6486,8.3111,0.0515,-0.1334,-0.0463,174.1457,622.3405,-17.7698,0.832,0.1114,0.1775,0.0616,-344.3472,602.3286,0,cost
9.081,10.53,0.0129,0.1115,0,3116.6721,5375.5039,0.0229,0.006,0.0085,-0.0256,-0.0218,-0.0072,-0.0238,-0.0274,0.0453,0.0048,0.0072,0.0044,-0.0014,-0.0481,0,normal
71.7467,84.5412,0.0602,1.144,0.2392,7849.7508,5612.1963,-1.2325,-5.4613,-0.0005,0.1236,-0.0042,1011.413,-299.7965,8.5873,-18.1156,-0.0252,0.2777,0.091,-1385.1631,1866.6922,0,resource
35.1896,66.2244,0.6198,2.7307,1.8747,3977.194,3996.5788,-3.9678,12.8793,0.057,-0.4703,-0.1979,27.4464,4.5711,-15.0305,-32.6617,0.0821,0.7857,-0.0755,909.7388,1642.0503,0,timing
32.4005,50.7177,0.5008,1.6882,1.2916,4249.4478,6052.1564,-2.8836,12.1366,0.0821,0.0741,0.0229,-744.4645,-1306.6644,6.5517,-2.6083,-0.008,0.4704,0.1364,858.4352,3001.5481,0,timing
12.9629,32.9003,0.0224,0.1427,0,4604.8539,5602.7726,0.0138,-0.0316,-0.0145,-0.0316,-0.0043,0.0032,-0.0397,-0.0308,-0.0379,0.0168,-0.0267,-0.0283,0.0301,0.0122,0,normal
25.8026,56.0257,0.6328,2.2348,0,3822.0801,4658.1372,-5.6186,15.9848,0.1364,-0.1256,-0.0842,598.8525,-732.8919,-7.7157,-23.1967,-0.1172,-0.4638,-0.0521,295.4092,1714.9878,0,timing
49.6737,29.7156,0.084,0.4668,0,4135.1722,5627.5268,4.3488,-7.818,0.0122,-0.0138,-0.0404,-854.5063,1014.3958,14.4404,-1.6879,0.0192,-0.1472,-0.0042,-1495.514,1042.5049,0,cost
23.419,22.4842,0.0126,0.1082,0,3995.5651,4035.0809,0.0123,-0.035,-0.0235,0.0171,0.0059,0.0212,0.0143,0.0066,0.0266,0.0406,-0.0512,-0.0003,-0.0254,-0.0174,0,normal
21.9055,17.2805,0.0224,0.0688,0,4114.2397,2899.1585,-0.0089,-0.0323,-0.0073,0.012,-0.0083,0.0186,-0.0167,0.0101,-0.0235,0.0333,0.0171,0.0124,0.0259,0.0091,0,normal
50.544,29.457,0.1334,0.9781,0.1484,2776.1233,1929.5652,15.0238,-3.4322,0.0067,-0.0804,0.1097,498.111,384.1021,16.6372,-3.4645,-0.1437,0.1617,0.03,-1107.0333,-168.0432,0,cost
13.7986,24.0344,0.0214,0.07,0,3895.072,4608.8598,0.0318,-0.0335,-0.0306,0.0505,0.0205,0.008,0.0063,0.0135,-0.0343,0.0016,0.018,0.0657,-0.0114,-0.0347,0,normal
52.3214,36.1569,0.394,1.9896,0.8051,5509.8213,2457.9406,11.1414,-3.336,0.0202,0.4797,0.1717,688.6586,-267.925,-4.4367,-0.4519,-0.1806,-0.0585,-0.2865,-1659.1773,966.2271,0,timing
32.2962,14.5052,0.0793,0.1164,1.1962,321.1377,109.2726,-1.0883,3.3655,0.0114,-0.0653,-0.1243,-6.495,0.4977,-9.8661,3.333,0.1306,0.0773,-0.0111,154.8229,-44.0943,1,network
28.7882,18.0451,0.0829,0.7201,0.0835,2874.392,3246.7098,-2.5906,-3.7702,0.0022,0.1268,0.0301,-741.1699,695.0401,0.617,-2.8728,0.0349,-0.1603,-0.2475,-331.9386,1142.2347,0,cost
33.8028,11.0323,0.5609,4.1147,0.4625,988.798,811.6781,7.3024,1.9635,-0.0792,-0.4706,0.0236,29.0046,191.8448,10.0591,-4.8232,0.0085,-0.234,0.106,-146.8048,-254.7842,0,network
75.4319,82.9831,0.1434,1.2884,0.2825,5047.4684,2357.2559,0.4137,7.5845,-0.1034,-0.2555,0.0519,809.1152,-374.9668,-33.0052,-31.4583,0.0269,0.2212,0.0556,-2417.5252,-1157.6898,0,resource
20.0616,31.252,0.0058,0.0384,0,4331.2136,3168.5074,0.0132,-0.0258,-0.0112,0.0087,0.0069,-0.0093,-0.006,-0.0168,0.0381,-0.0501,0.0003,0.0114,-0.0117,-0.0069,0,normal
64.3079,29.5568,0.104,0.1975,0.025,2769.9993,4002.3589,2.7121,-1.7347,-0.0227,-0.0207,0.0437,-784.3948,-378.3262,7.1888,-5.064,-0.0284,-0.068,-0.0789,-445.4895,-520.2743,0,cost
8.5585,20.3841,0.0273,0.0107,0,4167.8788,4663.5107,0.0263,0.0181,0.0166,-0.009,0.0049,-0.0082,0.0013,0.0225,-0.0246,-0.0122,-0.0546,-0.0169,-0.0039,-0.0062,0,normal
78.3808,89.8845,0.231,0.9596,0.2778,6027.1401,6697.9512,17.8495,12.1075,-0.0301,0.0157,-0.0758,-1514.8446,-1278.0092,-29.8548,44.0368,-0.0824,-0.1302,-0.1374,-2898.8194,3208.0205,0,resource
24.7614,21.4114,0.4386,3.9259,0,915.3814,628.359,-1.7,4.3447,-0.0176,1.0154,0.0504,187.917,-84.0818,2.6519,3.3843,0.1035,1.6846,-0.0343,-209.546,196.6322,1,network
36.2023,46.5303,0.3669,0.5477,4.0648,3900.6884,7480.3565,-1.4356,9.381,-0.084,0.1432,0.7149,208.2049,1212.7904,10.219,-10.0243,-0.0399,0.086,-1.3955,-38.4985,1293.2743,0,pod_crash
22.3797,50.9828,0.5958,1.8546,0.9531,4650.609,1239.0072,-5.7161,-13.6685,-0.1606,-0.2159,0.1626,-1319.4523,54.6499,-4.1327,-18.3133,0.1391,-0.0006,0.0445,2110.8603,200.7209,0,timing
13.5693,12.9826,0.0311,0.0844,0,3790.3962,4401.1764,-0.0255,0.0266,0.0199,-0.0079,-0.0207,0.0148,0.0191,0.0223,0.0069,0.0529,0.0361,-0.0117,-0.0543,0.0084,0,normal
29.9392,25.0092,0.386,0.224,1.7676,2107.9418,3992.7384,0.6561,1.2996,0.0156,-0.0007,0.4444,286.9866,453.8658,-2.5402,-9.7927,-0.2261,0.0389,0.4723,1005.0551,-1970.2868,0,timing
40.194,36.2476,0.4332,2.1325,0,973.2884,7123.2465,10.645,-1.0678,0.1716,-0.3253,0.0187,69.6262,-956.3774,-7.4382,1.7278,0.1309,0.9219,0.0953,428.2677,-1629.4774,0,timing
40.9644,38.754,0.0395,0.3594,0.0563,4243.1619,3477.4373,5.0261,-9.9459,0.1569,0.0449,-0.015,-276.8127,-81.0711,-11.3573,8.2373,-0.0714,0.1755,0.0747,-51.3292,1338.6145,0,cost
6.098,31.8372,0.0071,0.1068,0,3950.5966,4192.3843,0.0016,0.0283,-0.0098,0.0171,0.0183,-0.0268,-0.0038,0.0848,-0.0425,0.0249,0.0004,0.0029,-0.0092,0.0273,0,normal
86.6098,87.1862,0.1638,0.5437,0.8568,6763.3639,6095.2062,-5.9329,19.8587,-0.0516,0.0756,-0.1332,-711.1746,-1497.0781,-40.0304,-9.6552,-0.08,-0.2273,0.4251,-213.278,2289.7036,0,resource
82.159,73.8025,0.4444,1.4814,0.4214,6473.1479,8251.6435,-2.3605,15.4846,-0.077,-0.0392,-0.0628,-1806.0676,-1777.7277,22.9182,-19.1419,-0.3014,-0.4709,-0.2821,-1999.5081,-2856.2925,0,resource
53.31,40.3595,0.5836,2.1931,2.7172,4306.9862,2220.9551,8.3821,1.3577,0.0778,0.7295,0.2704,-765.1388,-489.9509,13.5785,-12.5364,0.1302,-0.4722,0.3492,654.7835,-952.2966,0,timing
14.9678,35.6228,0.5587,0.3964,2.4346,5070.0694,5752.1666,3.3705,-5.1933,0.0403,-0.1205,-0.6793,1019.4182,-936.8279,2.2719,-12.4221,0.2438,0.2374,0.6657,1390.3612,-1276.3668,0,pod_crash
97.1386,83.3257,0.2168,1.4224,0.634,6257.332,7939.415,-18.748,-15.0802,0.0348,0.3333,0.1652,1616.0172,-1986.1061,-32.2324,30.7405,-0.0172,0.6297,0.1515,2569.0155,-1455.2867,0,resource
37.7443,40.7739,0.6225,0.1849,0.5205,2192.1554,3330.1073,-10.9296,5.4346,0.1404,-0.0484,0.0865,-327.8557,-43.2099,1.656,18.9345,-0.4423,0.09,0.2465,249.4418,881.9827,0,pod_crash
3.2294,10.4377,0.0293,0.0365,0,2657.0018,3675.1895,0.0242,-0.0057,0.0243,-0.0149,-0.0127,0.0241,-0.0052,0.0087,-0.0112,-0.0428,0.0413,-0.0153,0.0009,0.0215,0,normal
59.0063,31.5337,0,0.2189,0.1889,2884.7475,5549.8901,-12.1659,-2.1199,-0.0409,0.0308,0.0669,709.7758,-230.0461,-14.3803,3.688,-0.0554,0.0082,0.0616,1349.3942,31.887,0,cost
10.004,22.6303,0.0208,0.1217,0,2261.1904,5062.1758,0.0115,0.0132,-0.0103,0.0343,0.0176,-0.0079,-0.0004,0.0052,-0.0031,-0.0443,0.0083,-0.0041,-0.0078,-0.0097,0,normal
12.5942,28.2095,0.0218,0.0898,0,5415.9164,3327.3052,0.0538,-0.0141,-0.0183,-0.0112,-0.0452,0.0036,0.0374,-0.0068,0.021,-0.0016,0.0357,0.0284,0.0025,0.0403,0,normal
22.0775,38.5172,0.5243,0.4187,2.9959,7391.0801,299.8638,-0.1861,-9.6402,-0.1275,-0.1016,-0.6333,1235.1556,-28.9723,-5.2104,16.0698,-0.015,0.0962,-0.1242,933.3888,82.1589,1,pod_crash
27.2553,31.7647,0.5368,0.5411,1.2601,2267.6786,1286.4599,-2.5343,8.656,0.1579,-0.0113,-0.0053,-434.5389,-193.7466,-13.6117,-0.1352,0.2722,-0.0528,0.4933,149.8146,-508.0261,1,pod_crash
7.2308,37.4073,0.5703,0.2666,1.8899,3821.5148,7249.5288,-1.536,7.0798,0.0077,-0.0973,0.4986,-369.1101,-16.5923,3.1866,14.8687,0.2806,-0.0402,-0.8556,1050.8134,972.7298,0,pod_crash
76.0076,75.0248,0.193,1.9175,0.897,8006.7528,7212.4402,15.5616,-21.1443,-0.0077,0.1144,-0.0306,1619.6335,1843.6903,-29.0511,-10.7344,0.1222,0.0322,0.0469,3967.2227,1238.7339,0,resource
27.3198,18.4951,0.3948,0.187,0.9462,5475.9889,5059.4137,4.6508,4.9054,-0.0285,0.0535,0.1653,-1383.5655,1362.6985,-2.9713,5.6375,-0.1284,-0.0225,0.0519,-2030.2285,656.8757,0,pod_crash
22.1733,27.5081,0.4046,5.687,0.6532,742.1483,145.9231,3.202,4.3994,-0.034,0.5908,0.0593,-13.6543,35.5297,3.4447,-9.9279,-0.2007,-1.6449,-0.1038,163.8207,-35.7548,1,network
29.2949,13.6637,0.2925,1.8393,0.0018,528.8917,493.1749,7.8059,-0.6038,0.1192,0.1168,0.0509,51.9987,118.8928,2.8901,-2.2818,-0.0508,-0.2776,-0.0278,-184.4081,92.552,1,network
14.1049,21.6236,0.4846,3.3888,0.5493,692.8128,560.6589,-1.5962,-6.3784,0.0407,0.5343,-0.1395,-68.079,-145.3954,-1.8434,7.3092,-0.0694,1.381,-0.1769,-92.6997,-167.9017,0,network
42.7154,32.3967,0.1235,0.6002,0.0282,1974.6656,396.8351,6.6355,7.1702,0.0673,-0.0959,-0.0195,-235.5406,111.5537,-1.3869,8.554,0.0382,-0.3108,0.1072,56.3171,105.9962,0,cost
16.8706,49.8197,0.4962,1.8705,1.4293,2647.061,3060.3742,2.1035,-8.3676,-0.1292,-0.2848,-0.2157,414.6308,-486.1205,-3.6193,3.9809,0.0288,0.2218,0.0374,-113.1038,567.9743,0,timing
39.0588,35.8624,0.5566,1.7238,1.4309,1128.1228,5195.0826,7.4694,-7.6006,0.0963,-0.1812,0.1369,104.7241,-251.0191,-4.3346,0.8767,0.2446,0.1697,0.5254,-237.9525,1681.414,0,timing
78.8315,41.1117,0.0485,0.2864,0.108,2517.2281,2596.3113,11.6931,-6.7646,-0.0164,0.0122,0.0704,157.6297,679.4709,-11.2797,-12.3399,0.0019,0.0246,0.1861,-760.3737,-451.5197,0,cost
25.1571,26.0307,0.449,5.334,0.3097,434.6521,324.189,7.4493,-5.4663,0.08,1.1174,0.1318,97.0461,27.3537,-6.8962,-4.2316,0.1381,-2.5021,-0.0121,79.7841,159.6204,1,network
39.1329,40.1998,0.681,2.0355,4.036,3905.2835,7017.1971,9.7402,-4.6472,0.1333,0.2242,-1.1328,-991.8909,-1001.9348,-2.4349,-18.1228,-0.1625,-0.3465,-0.6016,-1176.4165,3412.9342,0,timing
100.744,70.1413,0.2496,1.1964,0.9366,7653.4367,8917.161,20.8485,-2.5972,0.0242,0.1984,0.3045,781.8786,2404.4955,-34.5042,-19.6432,0.1572,-0.2114,0.2799,3779.4111,-1388.7106,0,resource
12.8563,13.8445,0.0118,0.0624,0,4006.5147,3872.3008,0.0184,0.0137,-0.0292,-0.0121,-0.0019,0.0128,-0.0084,-0.0412,-0.0335,-0.0153,0.0432,0.0465,-0.0061,-0.0326,0,normal
42.8803,36.4045,0.1003,0.4113,0.0254,2660.3463,2811.2945,0.3666,2.921,0.0189,-0.0396,-0.0079,65.1763,226.4056,10.7659,3.4479,-0.1037,-0.0192,-0.0069,408.0787,385.7781,0,cost
20.0828,21.8867,0.3679,3.0766,0,280.7488,334.1874,3.7425,-1.5593,0.039,-0.0786,-0.0245,-49.0888,48.1915,-2.0439,-0.5532,0.2702,-0.9287,-0.0685,91.7037,-25.0325,1,network
10.2386,15.7423,0.004,0.0775,0,4082.4633,3899.7176,0.0216,0.0179,-0.0184,0.0098,-0.003,-0.0229,-0.0038,0.0172,-0.0215,0.0183,-0.0148,-0.0114,-0.0494,-0.0076,0,normal
24.0168,35.8985,0.152,0.5863,1.5087,8925.0163,6327.3936,-2.9512,1.851,-0.0573,0.1794,0.2893,-523.0047,-637.2901,6.0504,-1.9159,-0.0494,0.1925,0.4024,153.6617,-644.0292,0,pod_crash
41.0484,36.8847,0.3258,0.5715,2.6947,3759.8624,4725.3007,3.5784,-2.596,-0.0148,-0.1233,0.7872,836.4884,-191.755,-0.5674,14.4349,-0.0028,-0.0515,-0.3171,-1177.8957,594.5789,1,pod_crash
15.131,20.8159,0.0071,0.1099,0,4529.8665,3604.5232,0.007,-0.016,0.0503,0.0143,-0.0205,0.0346,0.023,-0.0254,0.0226,-0.0077,0.025,0.0145,-0.018,-0.0218,0,normal
15.5355,24.2189,0.0263,0.0658,0,3707.3704,5841.5983,-0.0338,-0.0139,-0.0277,-0.004,-0.0119,-0.0007,0.0144,0.0197,0.0122,-0.0305,0.0262,0.0169,0.0405,0.0085,0,normal
10.9332,25.023,0.5526,3.4988,0.1444,547.29,1169.7954,-0.978,0.1906,-0.0357,-0.9645,-0.1145,-30.0079,-12.6972,-0.5528,6.816,0.1138,-1.187,0.0307,-132.0105,-558.7751,1,network
47.8114,40.5779,0.661,1.4,1.6496,5326.5451,4169.3605,13.569,5.1229,-0.1491,0.1744,-0.235,301.0693,929.4643,8.4418,-7.9716,0.0416,-0.1805,-0.1454,-2274.6365,1336.1752,0,timing
60.3848,22.3419,0.1031,0.5075,0,3051.3423,4480.4413,-6.8133,-0.0433,0.0148,0.1178,-0.0561,668.6466,1142.073,0.5823,-9.1567,0.0002,0.1706,-0.0825,-291.0568,-1577.3566,0,cost
10.4293,14.4689,0.022,0.0718,0,4205.4396,2615.2888,-0.0208,-0.0119,0.0579,-0.0146,0.0045,-0.0295,0.0099,-0.0136,-0.0248,-0.0066,0.0234,0.0101,-0.0323,0.0788,0,normal
48.6517,48.299,0.1171,0.5887,0,1072.8565,1609.4691,-0.7489,3.6139,-0.0071,0.2112,0.024,-52.3761,-63.1849,-7.6424,0.8493,0.1154,-0.2161,-0.0233,-73.3888,9.7884,0,cost
90.8765,91.9806,0.2086,0.7706,0.4294,3643.935,5905.562,-13.7375,6.6035,0.0948,0.0837,0.1227,-251.8183,741.6572,-16.535,-26.1323,0.0434,0.1287,0.1812,274.339,1218.2167,0,resource
5.4747,28.639,0.4814,0.4086,4.0121,5750.9547,2081.1635,-0.776,-7.5036,0.0955,0.0315,0.527,-400.1658,-321.3742,0.6088,13.4959,-0.136,0.2897,1.6118,792.6432,-305.3378,0,pod_crash
102.2841,82.784,0.3091,1.6827,0.3386,4408.3508,7834.2612,25.3564,3.883,0.0027,-0.3828,0.1017,837.4008,295.5566,22.465,21.9553,0.0789,0.5874,-0.1123,2060.4919,-3521.3572,0,resource
23.1106,31.9196,0.5215,0.7851,4.1196,6585.3601,3889.6807,-2.8836,3.7213,-0.1981,-0.136,1.0803,1536.3229,515.5594,1.5502,14.9177,0.4109,0.2314,-1.0349,-1433.8994,-1638.3347,1,pod_crash
26.3195,15.2491,0.2625,5.2788,0.1431,290.2795,446.7541,3.0382,2.1852,-0.0525,0.5526,-0.0427,-28.5922,15.7375,7.5788,7.4298,0.0436,2.042,0.0563,97.0796,-84.7642,0,network
25.3423,58.5475,0.2367,1.2084,1.6696,2054.6277,3968.2655,5.5939,2.7203,0.0028,0.2689,-0.0204,73.1485,746.0646,4.8485,16.7016,0.2301,-0.2891,-0.2514,1026.9935,239.3307,0,timing
23.0042,40.0393,0.4027,0.9404,2.3547,8676.765,3814.1699,3.1986,2.2464,0.015,-0.1999,-0.2795,-2568.8306,-395.4368,5.5528,-11.9316,0.0746,-0.1391,1.2031,-3966.6661,1292.2985,0,pod_crash
4.6346,21.5131,0.0126,0.0876,0,1135.3734,2606.8407,0.0424,0.0109,0.0095,0.0365,0.0118,0.0247,0.0039,0.0451,0.0202,-0.0031,-0.0279,-0.0031,0.033,0.0634,0,normal
33.5592,28.0179,0.4692,1.6821,1.9433,2792.2959,3869.3627,-5.4675,-7.7268,-0.1272,-0.1152,0.2137,695.6518,259.2766,-10.7737,-3.2907,0.0175,-0.2353,-0.7461,-809.4874,1157.2129,0,timing
14.2186,37.8127,0.4018,6.0977,0,702.338,91.6648,3.7029,2.782,0.0838,1.0489,0.0043,156.0607,-0.4578,1.9692,-2.6413,0.1944,-1.1399,0.0305,283.3451,-4.5415,1,network
37.1047,38.0347,0.5496,1.7595,1.8953,2905.2156,5174.8248,-7.402,-5.8164,-0.1272,-0.3947,0.2104,559.6976,262.6145,-3.3043,-1.3218,0.1174,-0.0119,0.5158,-283.7862,1712.415,0,timing
29.6353,31.8573,0.4033,0.2205,2.9845,5538.8928,6045.2826,-1.8655,-0.3372,-0.0352,0.0747,0.3799,219.1453,978.8969,7.3439,2.2486,-0.0726,0.0953,-1.1334,2296.5007,267.0848,0,pod_crash
14.6563,24.9766,0.7032,0.5137,3.0792,2985.1224,5142.4061,2.5937,-6.4467,-0.1051,-0.1133,-0.5194,811.2316,-657.5937,1.4114,8.506,-0.3191,-0.1733,-0.3256,-1382.5738,1574.6025,0,pod_crash
44.9268,37.5768,0.1118,0.2801,0.1159,3290.0662,3933.6016,-7.7409,8.4116,0.0089,0.1043,-0.0663,205.5025,-1060.4614,-20.613,-14.2194,-0.0283,-0.2402,0.0755,-1495.4193,-1422.2722,0,cost
22.9367,10.8459,0.3814,2.4488,0.4308,345.7255,33.1787,-4.9318,-2.5571,-0.1196,-0.3733,0.0134,-8.6695,-1.6013,-7.3844,-3.5685,0.079,-0.1886,-0.1658,-85.4413,12.0515,1,network
30.9266,30.2665,0.6718,0.4405,0.8815,7173.6096,6121.5688,-6.5238,8.6698,-0.1436,-0.0895,0.0533,-1269.3956,-551.3186,-14.8707,3.5622,-0.1493,-0.0096,-0.3343,1134.0535,-1252.2681,1,pod_crash
27.9054,27.2318,0.3892,3.1167,0.4305,676.3201,214.3284,-0.8815,-7.6972,0.1196,0.6575,0.0437,181.4204,53.9026,-1.7194,1.0154,0.0744,-0.2242,0.1538,-254.089,-93.6328,0,network
42.4846,41.2003,0.0009,0.41,0.1784,3893.014,442.0681,-12.0539,-9.8906,0.028,0.0473,-0.0882,-137.8057,-69.0592,3.7315,20.4447,-0.0493,-0.1847,-0.03,-935.7062,-88.0181,0,cost
41.7729,34.66,0.043,0.2739,0.049,2330.4992,3356.8996,-1.3881,0.5598,-0.0741,-0.0085,0.0158,-245.1574,-823.1902,-16.5151,13.5005,0.0667,-0.1377,0.0063,441.2591,-408.21,0,cost
74.7902,81.2153,0.2252,1.549,0.5707,8241.9717,4784.2309,-10.5217,16.4127,-0.0338,-0.4158,0.0854,881.5281,1403.7678,5.4755,-15.4442,-0.048,-0.556,-0.2579,-14.2808,-1617.3708,0,resource
44.717,35.9089,0.891,0.446,2.8874,8526.1288,5027.781,2.0472,-5.0668,-0.1661,0.0365,0.2116,2412.5497,956.3702,3.6129,15.3783,-0.0088,-0.2825,0.0442,3545.4319,-117.2736,0,pod_crash
8.4707,13.4748,0.0115,0.0658,0,2532.2581,3766.6326,0.0252,0.0018,0.0275,-0.0236,-0.0051,-0.0467,0.0204,0.002,-0.0207,0.0023,0.0015,-0.0241,0.0205,-0.0035,0,normal
83.8359,80.448,0.318,1.1493,0.676,7558.8577,6369.8193,24.2885,-4.2385,0.0403,0.1126,0.0617,-1142.2979,-1836.6506,36.4925,6.798,0.2364,0.1861,0.0215,2071.2071,1570.7721,0,resource
84.4903,77.3574,0.2284,1.0755,0.6974,7300.463,6179.869,-18.1888,-2.5758,-0.0827,0.1858,-0.0809,2141.6848,70.1494,32.6709,-5.6868,-0.0704,0.084,-0.2468,347.5883,-2571.9821,0,resource
61.045,0.3813,0.4715,2.2028,1.9603,4974.3484,5742.2929,-14.7585,-0.0064,0.0573,0.2534,-0.0459,-1257.5467,1098.4764,12.8276,0.2307,0.1963,0.7218,-0.8155,2139.7148,-2489.2889,0,timing
77.362,38.0902,0.0801,0.3689,0.2447,2516.9885,5207.9367,-4.4389,-5.1681,0.0262,-0.015,-0.1456,449.3704,464.2026,-29.2075,-13.8291,-0.1704,0.0925,-0.0883,-807.818,-194.7638,0,cost
14.6234,30.6852,0.4988,4.1141,0.3125,477.4666,91.8649,-0.2486,1.2631,-0.007,0.1165,0.1069,23.4506,-3.408,3.9757,0.6533,-0.0763,1.5231,-0.1356,-194.3276,-40.0988,0,network
3.7207,25.3455,0.5307,6.7757,0.2235,359.6079,0,0.7501,5.0074,-0.0015,-1.8062,0.0762,23.9957,0.0433,-0.1759,-9.8627,-0.0429,-2.678,-0.0221,-157.4401,-0.1276,0,network
15.2367,14.517,0.4995,0.566,2.5835,6650.5335,0,0.6825,-0.6367,-0.0669,-0.0878,-0.1396,-809.7743,-0.0751,-3.9421,0.5509,-0.1328,0.3377,1.0112,1248.3511,-0.1124,1,pod_crash
50.0466,46.2125,0.4606,0.4312,2.4166,4812.1281,5780.4821,-0.7056,-4.1608,0.0739,-0.1242,0.4646,-712.9424,-881.3674,-3.3087,3.1134,0.1643,-0.0116,0.8423,401.0044,2851.7293,1,pod_crash
28.1881,21.465,0.3922,2.2664,0,631.7586,508.6068,-6.3385,2.4555,0.0919,0.0349,0.008,-135.6228,143.4047,12.6124,6.6754,-0.0989,0.4006,0.0759,260.5673,69.455,0,network
22.7523,15.9953,0.0199,0.0777,0,3201.7834,5418.7477,-0.0289,-0.0011,0.0109,0.0057,0.0255,0.011,-0.0273,0.093,0.0905,-0.0336,-0.0137,-0.0196,-0.006,-0.0631,0,normal
5.8531,40.1895,0.264,1.107,1.7626,2311.3671,4438.105,1.687,2.9153,0.1291,-0.1477,-0.3758,-381.593,622.1775,-1.9813,-14.8724,0.0883,0.0141,-0.2111,-22.9819,1075.333,0,timing
102.5482,70.7737,0.1973,1.6353,0.3464,6896.352,2234.3121,17.7242,-17.4486,0.017,-0.1161,0.1045,-1486.0831,132.4905,-25.4276,1.2191,0.1069,0.4221,0.254,392.8944,-579.071,0,resource
12.8209,14.7509,0.013,0.0388,0,3330.1617,3617.6988,0.0013,-0.0045,0.0066,0.034,0.0279,-0.0137,-0.0266,0.0615,0.0266,-0.0017,-0.0061,0.0107,0.0019,0.0141,0,normal
93.3921,77.8814,0.3004,0.9207,0.3046,5818.4643,6813.4895,-16.7189,-14.4005,0.0437,0.111,0.078,550.9094,-746.1482,5.607,-33.5956,0.0387,0.0819,-0.0478,1891.7132,-464.8358,0,resource
21.0586,31.09,0.349,1.817,0.443,423.8728,894.453,-3.0023,-5.3472,0.0113,0.1681,-0.0647,-29.8298,-191.9272,-7.2316,-9.5166,0.2519,0.2737,-0.12,196.1231,-296.5853,1,network
48.9776,47.5674,0.0356,0.2667,0.0397,3738.681,2400.9073,-6.8602,-13.6514,0.0096,-0.1187,0.0441,-649.7828,229.4186,4.4441,20.1658,-0.0263,-0.157,0.0188,486.4187,-707.7639,0,cost
104.4954,80.5037,0.1822,1.3993,0.1029,6280.6681,7876.4888,-19.5384,-19.6119,-0.0232,-0.2856,-0.0164,1878.3529,2186.2698,7.7217,-23.1203,0.1268,0.1974,-0.0056,1846.7971,-1515.7736,0,resource
27.9449,62.1113,0.6689,3.1968,2.1452,4956.4262,4746.9424,-0.2606,8.6913,-0.109,-0.2016,-0.0846,582.7652,822.8963,-0.0413,6.9898,0.0043,-0.3769,0.147,713.5396,-406.7605,0,timing
37.4148,34.9792,0.1619,0.3011,0.1675,4164.7915,2829.2354,-0.3445,-8.009,-0.0176,0.0887,-0.1198,63.635,-393.8359,-4.5523,6.8571,0.1729,-0.1742,0.1088,-349.5916,962.3653,0,cost
13.6565,17.1239,0.0036,0.0655,0,3510.5274,3125.4795,0.0085,0.0013,-0.0151,0.0074,-0.0156,-0.0256,0.0002,0.0066,0.0252,0.0392,0.0938,-0.0303,0.0144,-0.0238,0,normal
27.3268,43.3847,0.6956,0.6883,1.7369,1810.3421,2320.0477,-3.1847,-0.4423,-0.0967,-0.047,-0.1333,20.2227,484.8404,11.5006,-1.4188,-0.1415,-0.061,-0.5506,-403.7285,-479.9824,0,pod_crash
55.9729,24.0029,0.0094,0.4218,0,6370.7522,2164.4487,11.3937,4.7395,-0.0166,0.1008,-0.0749,-1460.5025,95.2706,19.1466,8.2127,-0.0054,0.1279,-0.0523,584.882,-827.7778,0,cost
55.326,23.7875,0.0407,0.5815,0.2121,4694.2655,1933.153,-7.6993,0.445,0.0459,-0.002,-0.0759,1095.5048,-130.0575,7.5822,10.7891,-0.02,0.1934,-0.0069,-1305.5137,331.7946,0,cost
53.1849,55.6108,0.3841,0.9747,0,2792.3029,5382.5684,-0.5832,-10.1772,-0.1389,-0.2262,0.0089,279.283,143.3981,3.7677,20.1911,-0.0073,0.3672,0.1059,-609.1255,172.6804,0,timing
14.4999,20.3262,0.0291,0.0284,0,4819.6914,6206.8451,-0.0183,-0.015,-0.0035,-0.0106,0.0068,0.0385,0.0189,0.0009,0.0093,-0.0349,-0.0083,0.0191,0.017,-0.0392,0,normal
46.5527,39.7186,0.3422,0.3,0,5969.2432,3751.6305,6.9653,9.125,-0.0069,0.0289,0.0234,-705.2604,810.3895,15.99,-16.1708,0.0977,0.1949,0.0261,2612.7101,90.9973,1,pod_crash
0,36.3189,0.4426,0.5936,2.6105,5805.6053,3859.3382,0.0186,-6.5127,0.1523,0.2177,0.6918,-316.2474,244.4952,0.0295,-9.2044,0.2074,0.1031,-0.4727,-374.7556,-532.8222,0,pod_crash
8.9786,51.0496,0.3912,0.5621,1.5895,7450.5952,5376.9335,-1.2732,-12.4446,-0.0383,-0.0582,-0.3215,129.2779,1021.0198,-1.298,-11.8113,0.2354,-0.033,0.4071,-337.3328,-1140.6118,1,pod_crash
90.168,81.3449,0.1481,1.1778,0.6398,4940.4309,7420.5425,-1.1817,5.7546,-0.0737,-0.3684,-0.0135,846.4339,-627.3167,17.684,-7.0149,0.1279,0.0855,-0.1509,1024.3707,-1914.1424,0,resource
34.7816,34.694,0.4029,0.5264,2.7152,7725.2394,5248.7339,8.153,-0.4921,-0.0753,-0.0026,-0.3972,160.8215,-672.8654,15.827,14.632,0.0233,0.0529,0.1191,2561.683,1716.8323,1,pod_crash
15.9166,29.4998,0.4136,0.0973,1.6963,7875.776,11937.3372,-0.6014,-3.8006,-0.0321,0.0411,-0.4867,-1058.0836,1506.9702,-7.6929,12.4433,0.0527,0.1907,-0.2544,1112.0225,-970.8958,1,pod_crash
26.4288,14.2677,0.0869,0.2375,1.924,2591.6679,1401.8068,5.4695,0.2477,0.0689,0.1145,-0.3413,575.6696,-155.0443,-0.3417,-5.6486,0.0333,-0.1069,0.093,-114.938,-263.8891,0,pod_crash
28.2468,25.0775,0.3227,3.8014,0.2895,878.7455,889.8059,-0.3285,-4.0455,-0.0024,-0.7794,-0.0534,-84.2751,178.1694,9.3081,-10.575,-0.0447,-0.5706,-0.0358,-297.6843,175.8806,1,network
16.7273,37.8765,0.6112,0.3552,2.2709,1576.3405,5094.374,1.9936,-1.2376,-0.0402,-0.0226,0.4199,-122.8801,1347.1475,-3.3217,0.8656,0.0634,-0.1786,-0.4127,569.5548,2260.7707,1,pod_crash
65.989,41.5412,0.547,2.0086,2.4042,7614.5928,3191.6267,18.5257,8.6865,-0.1141,-0.2589,-0.3174,605.3317,-119.6943,18.6266,-2.3112,0.0753,-0.6076,-0.1719,-1084.7304,-878.653,0,timing
36.3074,30.6424,0.08,0.4787,0.039,3031.9834,2317.3558,10.7006,-2.2943,-0.0043,0.0094,0.0566,-37.3717,554.1198,-9.2192,-5.0556,-0.0481,0.1272,0.1252,1004.4967,-263.0847,0,cost
37.5118,32.9649,0.1569,0.3534,0.2386,2893.2729,2738.7394,10.9717,3.1685,-0.0051,0.2008,-0.0087,-65.0481,-136.9065,7.1046,6.9382,-0.0101,-0.0617,0.0122,1071.3927,8.9793,0,cost
20.4512,26.1198,0.0223,0.0666,0,3080.5304,4019.7027,-0.0002,0.0069,0.0013,-0.0268,0.0117,-0.0081,-0.0283,0.0343,0.0282,0.0344,-0.0077,-0.0437,-0.051,0.0312,0,normal
98.6866,76.4726,0.1289,1.1308,0.3394,6667.4982,4850.7163,1.9477,-18.0343,-0.0453,0.1696,-0.1309,1828.9064,625.9647,10.9442,-27.0522,-0.0873,0.1511,0.0832,2617.6899,1246.5058,0,resource
15.0903,20.1806,0.0094,0.0355,0,2216.2289,2452.6255,-0.0144,-0.0095,0.0135,-0.0272,-0.0205,0.0146,0.0086,0.0323,-0.0193,-0.015,-0.0577,0.0033,0.0366,-0.0038,0,normal
9.1793,19.6966,0.0242,0.0519,0,3336.7853,2805.2504,-0.013,-0.0088,0.0259,0.0325,-0.0381,-0.0306,-0.0117,-0.0183,-0.0281,-0.018,-0.0011,0.0166,0.008,-0.0329,0,normal
39.4529,9.6842,0.4316,0.3914,2.0671,5720.2653,642.689,-4.2634,-2.4416,-0.1699,0.1293,0.5767,-196.0939,164.9159,4.8279,-4.0136,-0.1265,-0.0516,-0.2456,121.9584,5.7475,0,timing
35.8692,31.1819,0.3885,0.4235,2.6856,3433.2082,3956.9485,6.4415,-9.2011,-0.0979,-0.076,0.1572,-979.0161,1070.0357,11.8821,-2.7173,0.0422,-0.2227,-0.9151,1687.4438,-380.7303,0,pod_crash
11.9518,39.3147,0.3579,3.5351,0,545.1381,497.3017,-0.4655,-2.0309,0.0411,0.9473,-0.0457,59.3156,83.8723,4.7464,0.4236,0.206,-0.9441,-0.1493,57.7538,14.3906,1,network
44.2641,47.9539,0.7608,2.4582,1.0542,2182.5893,1524.4932,-12.9179,-10.4177,-0.0116,-0.5501,0.0424,488.3827,349.4186,5.3952,-9.7836,0.3418,-0.3945,0.0912,176.7214,-695.0458,0,timing
7.6948,21.2763,0.0146,0.0393,0,4899.2644,4729.2591,0.045,-0.0215,-0.0294,-0.0451,0.0073,-0.0128,-0.005,-0.0057,-0.03,0.0087,0.0112,-0.0576,-0.0172,0.0072,0,normal
22.982,33.3287,0.1817,0.845,2.8738,4236.6964,4607.0481,-2.9601,-8.6499,-0.0019,-0.0173,-0.4071,416.1801,1299.4307,-0.2297,-8.0356,0.0543,0.4053,-0.389,-1869.7761,-104.512,1,pod_crash
63.2221,40.9613,0.0659,0.9544,0.0379,2079.3733,2199.1347,-2.3257,2.6499,-0.0501,0.2453,0.0477,-616.7627,63.6927,-17.2125,12.274,-0.0242,-0.1102,-0.0947,-428.5806,-440.9251,0,cost
24.1425,44.7209,0.5876,2.9825,0.3733,6200.7157,6129.6036,-1.3525,11.1766,0.1686,0.4545,-0.1509,-1695.3935,303.3869,-7.5303,5.1112,0.215,-0.0723,-0.2042,-1640.7679,-1911.5106,0,timing
79.5712,49.0732,0.1906,0.4967,0.0417,3304.6003,2485.9371,5.7274,-0.9043,0.0454,-0.0784,0.032,877.7927,231.0264,6.2474,13.0578,-0.1226,0.1727,-0.1275,-879.7799,-260.3466,0,cost
12.2879,31.0219,0.0096,0.1071,0,4458.3794,4428.0618,0.0205,0.041,0.0242,-0.0143,-0.0149,-0.0255,0.0072,-0.0332,-0.0284,0.0205,0.0144,0.0289,-0.0321,0.0634,0,normal
49.371,22.4315,0.4074,1.8046,1.7901,5708.4014,3962.5938,-3.4077,2.45,0.0957,-0.4798,-0.524,1071.9437,-950.1043,4.1862,3.0521,0.1913,-0.4595,-0.5189,837.0384,1165.281,0,timing
43.8526,77.6063,0.5262,0.9456,2.183,5777.3168,6461.0969,0.6663,10.4826,0.0336,0.1595,-0.5893,-352.3492,-1147.6626,-20.2642,31.3971,0.0999,-0.2787,0.1844,1266.593,660.3849,0,timing
49.8133,37.6703,0.7918,1.2892,1.3699,4898.3782,6846.6199,-14.0822,-0.5178,-0.0262,0.1064,-0.0193,-282.3776,-1470.0557,21.9833,6.8626,-0.0256,0.3567,0.6044,-1130.0249,1626.5223,0,timing
98.6253,70.7386,0.1778,0.2792,0.2183,6307.0939,6380.2626,22.1157,7.5867,0.0475,-0.0883,-0.1113,-1437.5371,1709.3287,-48.0264,6.7947,-0.0759,0.1092,-0.0592,1105.9129,1121.0183,0,resource
48.8978,48.0211,0.1141,0.144,0,4765.3609,2264.9954,12.319,-4.2734,-0.0271,-0.0282,0.0166,1386.6051,113.8703,17.5838,-17.1971,-0.0237,-0.0777,-0.0433,19.5415,-458.2365,0,cost
54.9076,45.7204,0.5565,1.3165,1.9486,3750.6113,1405.0677,-1.4386,7.9914,-0.1586,-0.0772,0.0819,978.6593,-26.0384,-12.9906,-2.4306,-0.0908,0.3006,0.6332,1848.1973,639.1651,0,timing
28.0513,24.7709,0.3128,0.5604,1.8902,7183.1635,4667.4442,-0.2547,-7.2042,0.033,-0.0591,0.2289,449.0428,-248.5257,0.5601,-10.1822,0.0597,-0.3271,0.7487,-924.7963,709.0896,0,pod_crash
42.6485,43.3065,0.1728,0.3784,0.1609,2236.1626,4253.8267,-12.0322,-8.6055,-0.0802,-0.0909,-0.0217,-668.2439,961.0628,4.7119,20.2767,-0.061,0.1818,-0.2122,806.0126,-1613.882,0,cost
8.6912,21.8919,0.6286,0.5861,2.9501,2638.1392,7266.2828,-1.7716,6.1424,-0.1548,-0.0353,0.7112,453.3265,-2115.6834,-0.0063,-0.9742,-0.0321,0.1672,-1.0747,-1139.362,-2611.8835,0,pod_crash
95.8999,68.4712,0.2898,0.7926,1.1834,1870.9329,6124.9353,20.3629,-7.6812,0.1156,0.1247,-0.2721,235.1462,839.13,2.8764,25.5778,-0.1319,-0.3196,-0.3118,721.3858,-1114.6248,0,resource
63.4524,74.8404,0.2255,1.3366,0.0739,7228.103,4354.991,-15.9132,9.593,0.0931,0.3124,0.0512,1071.9702,384.8577,25.3697,-2.8906,0.0701,0.5221,0.0389,-1192.1292,542.099,0,resource
39.0252,17.3161,0.3871,0.2111,2.1093,1742.3928,5815.0913,10.2125,1.1565,0.0322,0.0669,0.0606,107.7206,593.0812,-16.0905,4.5773,0.0409,-0.0314,-0.7389,-189.29,1489.4297,0,pod_crash
23.8721,26.0259,0.493,0.4039,2.4148,6800.6652,4694.4809,-2.6218,0.0735,-0.1236,-0.0519,0.113,366.4202,-762.8827,10.2383,-3.699,0.0754,0.0514,-1.0341,1565.9268,2098.7003,1,pod_crash
95.9862,78.6008,0.1762,0.64,0.5292,4921.1298,4665.5282,-25.5656,19.7552,0.0139,0.0264,-0.0302,-252.7614,-545.0759,-0.7743,-33.6467,0.0222,0.0559,-0.0481,925.528,1004.6141,0,resource
81.823,70.6938,0.3572,0.9455,0.874,4143.6666,3584.605,-23.4845,19.0154,0.0185,0.0872,0.0508,127.0615,1040.2955,-34.1775,-17.0438,-0.0364,0.0586,0.3594,409.0073,-1561.8101,0,resource
19.8734,19.783,0.4758,4.0319,0.5102,52.9318,876.8942,0.8589,4.6215,-0.0442,-0.761,0.0942,-7.3303,156.9748,0.5058,6.9373,0.2391,-1.9442,0.1269,-24.6324,-389.8483,0,network
14.1873,27.0839,0.2278,4.1565,0,790.0919,671.8162,3.1107,-7.4632,0.0383,-0.2719,-0.0066,-29.4618,51.8497,-6.3268,1.4013,-0.0006,-2.0064,-0.0276,357.1531,-314.8458,0,network
33.9699,29.0292,0.4126,0.7039,0,278.0172,730.5014,3.4431,-4.9295,0.0723,0.2201,-0.0693,3.2774,17.898,-15.6,-1.5289,-0.0039,-0.068,0.0992,-93.1905,-140.2947,0,network
40.3565,30.4506,0.0789,0.6444,0.0549,3618.005,1853.8507,-3.5126,-0.8821,0.0058,0.0508,-0.0412,907.5888,-431.0499,15.7041,-6.1791,0.1797,0.2338,-0.0047,884.7128,-716.1232,0,cost
86.6148,95.0708,0.0903,1.094,0.3208,4728.0091,11790.2843,15.6489,-23.4399,0.0324,-0.2689,-0.0165,-904.5969,-2849.4618,37.0951,4.4447,0.0223,0.4675,0.0529,-2186.8979,-2003.0029,0,resource
33.4449,34.0281,0.5123,3.0389,1.8834,3901.2757,3304.2603,-3.7793,-6.614,-0.1689,0.2645,0.1021,-979.3655,934.3586,-10.706,-14.24,-0.1697,0.3647,0.1063,650.9783,-1103.1914,0,timing
38.7725,22.2343,0.4223,2.4165,1.2817,3667.4563,3661.9473,5.2852,0.1138,0.034,-0.1221,0.3524,-870.5287,-485.6612,-13.639,-4.7896,-0.1147,0.7219,-0.3338,1178.7784,1379.3152,0,timing
26.3722,13.2018,0.4024,3.6464,0.155,407.6462,497.2004,6.02,-3.4357,0.1096,0.6647,-0.0039,-108.3569,-125.8829,12.8052,-1.763,-0.0687,-0.2915,-0.077,-39.531,158.802,0,network
31.481,22.1377,0.52,4.0436,0.2199,106.4124,0,-0.7327,-3.3163,0.0014,-0.406,0.0389,14.7435,-0.0293,-1.1687,4.9736,-0.0471,0.748,-0.0604,-52.9869,0.0075,0,network
91.3682,79.895,0.2783,0.2496,0.3937,4001.9145,5802.0934,14.1132,-0.6321,-0.0,-0.0419,-0.0398,915.5355,-274.0448,35.8364,-24.1699,-0.08,-0.1304,-0.2342,634.383,1401.9507,0,resource
86.4763,86.9418,0.2537,2.3802,0.3294,5267.1595,6203.9171,-19.8929,8.4651,-0.0287,-0.3494,0.0205,-213.1253,255.1913,-5.8809,0.1478,0.0493,-0.8003,-0.0348,2600.3699,298.5969,0,resource
81.3007,91.7682,0.3595,0.5893,0.4461,9852.9858,5463.8779,18.9438,11.8508,0.0624,0.0168,0.1381,2746.7803,-401.3843,-27.6726,-44.8303,0.0286,0.1273,-0.0832,-4913.0147,680.5272,0,resource
94.3515,88.5825,0.0763,1.304,0,5175.5848,5968.2967,11.2383,3.405,0.0494,0.0011,0.0219,-876.64,951.5931,14.0962,-20.3441,0.0701,-0.3996,0.0385,-196.1135,-1654.0809,0,resource
41.8224,27.6863,0.6203,0.7574,1.6217,3338.0832,4596.535,8.2391,7.6828,0.0024,0.0653,-0.1691,264.3534,755.1831,3.8539,12.9219,0.2359,-0.261,0.5462,-1377.7283,-1724.7773,0,pod_crash
46.6317,45.3984,0.1052,0.3548,0.0555,2293.6187,1699.8735,2.4872,-7.5239,0.0259,0.0038,-0.0152,-169.6232,73.956,13.4195,7.8486,0.0375,0.1442,-0.0759,-487.2568,160.371,0,cost
4.8613,18.8758,0.3927,0.5575,1.9578,3728.1077,8059.4634,-1.1294,2.2687,0.0151,0.0803,-0.2554,-196.6807,-2246.9593,-1.1672,0.5914,-0.0129,-0.1844,-1.0897,939.1615,682.0441,1,pod_crash
32.624,20.2543,0.5096,0.6021,0.2742,2034.2861,1614.8785,-4.3195,-0.484,0.0357,-0.052,-0.1459,-490.5749,440.8435,1.3092,3.6619,-0.1808,-0.1404,-0.0127,484.4169,201.6012,1,pod_crash
18.116,18.9017,0.0219,0.0781,0,4472.3523,1487.6685,-0.0262,-0.0247,0.0079,0.0047,-0.0124,-0.0337,-0.0292,-0.0021,0.0087,-0.0315,0.0186,0.0009,-0.0338,-0.029,0,normal
18.2262,22.0593,0.0255,0.0181,0,3679.0109,4960.5584,0.002,-0.0007,0.004,0.0125,0.0167,-0.0087,-0.0047,-0.0218,0.0113,0.0196,-0.0238,-0.0665,-0.0247,-0.0147,0,normal
11.091,37.6442,0.5246,0.4531,1.0804,3862.7092,4987.9092,-1.259,6.3338,0.174,-0.035,-0.0917,-1125.8768,-464.9907,-0.9267,7.1748,-0.3117,-0.1018,-0.0793,1148.5783,-1438.6738,1,pod_crash
82.7225,89.5635,0.3149,1.4603,0.2895,9104.4834,7287.3102,1.5488,12.8223,0.0823,-0.2934,0.0536,2613.0481,-951.1788,5.3118,33.5762,0.086,0.594,-0.0376,1814.6036,-1833.6616,0,resource
104.1089,77.4095,0.2742,1.1315,0,6489.4589,4238.2445,4.5373,-21.0045,-0.1387,0.1372,-0.0609,-1854.6516,397.9559,31.9069,18.0423,0.067,-0.2268,-0.203,-463.5728,950.0448,0,resource
3.9526,24.3784,0.0161,0.1189,0,5081.227,4745.644,-0.015,0.0036,0.0179,0.0171,-0.0382,-0.0067,-0.0107,0.0147,0.0075,0.0308,-0.0434,-0.0254,-0.0053,0.0357,0,normal
85.2102,78.8017,0.139,2.2048,0.9914,6460.0861,7926.5097,-22.9207,0.1087,-0.0475,0.383,0.2608,1440.5145,1918.5646,-17.4778,-0.0757,-0.0264,-0.4737,-0.2084,28.1916,-2234.8612,0,resource
90.5718,82.2668,0.2002,1.0764,0.336,3761.876,6732.4181,12.4286,12.2162,0.0164,0.195,-0.1279,-393.908,-761.5113,-13.4729,-3.8002,-0.0797,0.1495,-0.1654,1529.3151,-2193.7014,0,resource
10.1906,21.3962,0.0101,0.0856,0,4254.2401,4425.7303,-0.0194,0.0122,0.0,-0.0145,0.0392,0.0117,0.0098,0.003,-0.0414,-0.0021,-0.0081,-0.0241,-0.0117,0.0155,0,normal
22.589,17.9234,0.302,2.6572,0.3149,415.3206,230.3595,-5.008,0.9777,-0.0588,0.6669,-0.123,13.5757,53.2625,10.5659,1.2976,-0.0126,0.7018,0.087,148.7828,88.2421,1,network
8.0464,30.9393,0.2841,0.5368,3.3453,5556.4582,4311.0126,-0.4302,-2.6243,0.0581,-0.0967,-0.5778,574.7086,119.4199,0.2938,0.1623,-0.0371,-0.2674,0.3477,2184.7525,-1409.6179,1,pod_crash
10.5392,31.6138,0.3137,4.3213,0.6524,307.7535,460.3281,-2.4876,-2.7852,0.0754,-1.2026,-0.0228,62.2675,32.3706,1.0046,3.8648,-0.1122,-1.4535,-0.0291,150.7811,-184.6239,1,network
35.2517,27.0253,0.282,0.7216,2.4172,551.4085,5654.1257,-2.3938,-5.5447,-0.0552,0.2597,-0.6001,-131.4695,-755.8991,-16.0527,0.4274,-0.2804,-0.1695,-0.5053,80.4411,-713.6391,0,timing
21.1333,35.3732,0.4209,0.527,0.7045,469.2388,1041.0986,2.0149,-7.5133,0.0046,0.024,-0.0438,33.6182,-201.0023,-10.4248,-9.1018,0.2433,-0.2573,-0.122,-148.6047,-101.9,1,network
50.4153,24.8139,0.1506,0.5959,0.0484,2627.9771,1251.7879,-12.5616,-0.22,-0.0642,0.037,-0.0518,-665.5539,20.7831,-24.834,2.3324,-0.0259,0.2222,0.1215,224.5981,446.1189,0,cost
38.3706,25.8485,0.0933,0.8081,0,3014.8247,2225.5192,-0.3412,-4.3748,0.0283,-0.2347,0.0499,-324.8776,432.1116,-10.5066,11.9283,-0.0921,-0.0099,0.0549,1492.2183,-588.276,0,cost
11.5586,36.5607,0.3943,1.3839,0.3912,562.3147,221.4516,-0.2828,-10.9009,-0.0345,-0.1005,0.0206,58.3266,1.5006,-0.7643,17.5238,-0.1148,0.4074,-0.1351,180.702,76.6559,0,network
13.641,24.6596,0,0.0702,0,4220.5854,4672.231,-0.0391,0.0373,0.0337,-0.007,-0.0162,-0.0135,0.0391,-0.001,0.0413,0.0066,0.0658,-0.0308,0.0024,-0.0166,0,normal
67.99,69.9198,0.5535,3.2679,1.718,4269.7191,4075.0524,2.918,-18.4426,0.1938,-0.8494,-0.3533,1212.2045,-68.3167,28.8996,-17.1173,0.1432,1.1706,0.3461,107.2535,-1243.4154,0,timing
16.3378,14.3204,0.2597,3.857,0,692.9714,683.8984,1.6676,-0.9348,-0.1202,-0.9452,0.0322,-145.8427,-181.044,-2.4937,5.7712,-0.036,-0.1815,0.0767,-4.6636,215.2407,1,network
14.7326,19.7226,0.013,0.0386,0,5660.9948,3497.9384,-0.0095,-0.0088,0.0227,0.0222,-0.0133,0.0085,-0.0057,0.0308,0.0447,-0.0433,-0.0218,-0.0684,-0.0641,0.0206,0,normal
10.4415,35.4402,0.5543,1.7902,0.4713,471.1045,955.0847,2.4854,4.6387,-0.0983,-0.4416,0.0397,122.2726,188.984,-0.8807,-17.6493,-0.2254,-0.8251,0.2007,-161.6963,11.4281,0,network
19.2265,22.8434,0.0101,0.0517,0,4522.5098,5778.3436,0.0111,0.0162,-0.0333,0.0158,0.0019,-0.0095,0.0091,-0.0301,-0.0322,0.0373,-0.0281,-0.0198,0.0265,-0.0224,0,normal
23.9747,30.5736,0.3752,0.5911,1.4584,6002.989,6126.6876,5.1761,-8.9261,0.0297,0.0653,0.1415,116.8839,-594.4207,9.6021,-12.8793,0.256,-0.1913,0.3478,1633.6369,495.2319,1,pod_crash
53.7274,45.5029,0.157,0.2776,0.1153,6364.4425,2495.1091,-0.0114,4.2585,-0.0278,-0.031,-0.0359,-544.9965,474.5549,-23.1485,0.0883,-0.1911,0.0176,-0.1608,-1935.7376,-369.5207,0,cost
61.3008,31.0647,0.1164,0.4241,0.1385,2305.4415,3586.4458,-2.9237,-4.021,0.006,-0.0065,-0.026,-114.9178,286.0365,21.1983,3.2262,-0.0273,-0.2545,-0.0296,1061.1119,-1176.7803,0,cost
29.9813,26.5517,0.0333,5.9535,0.1124,1058.3024,54.9625,6.93,6.7572,0.0401,-0.6661,-0.037,148.4702,-6.2848,-3.8098,-12.711,0.0055,-0.0724,0.073,131.6934,-7.0084,1,network
13.242,15.9042,0.027,0.0499,0,4768.5163,4734.6731,-0.0001,0.0045,0.0295,0.0238,0.0078,-0.0029,0.0062,-0.032,-0.0357,-0.0012,0.0642,0.0176,0.0034,0.0463,0,normal
15.5301,42.3174,0.6489,0.4585,2.0582,5881.0815,4782.3715,1.765,-3.8888,-0.0347,-0.125,0.2077,1365.0404,-1287.2043,6.4965,20.8128,0.3838,0.1455,-0.4543,2087.2362,2143.828,1,pod_crash
18.348,18.9536,0.3773,2.2148,0.9382,724.5758,202.1935,-0.0023,-2.1574,-0.1766,-0.4648,0.093,-136.2877,5.0529,-3.4561,-5.5435,0.0702,0.1984,0.3523,-198.6437,-92.4553,1,network
82.8928,68.9442,0.2791,1.7748,0.6668,9380.4442,7476.3888,10.4833,-8.3691,-0.1513,0.4572,0.1552,-504.8423,635.1423,-27.4834,22.3877,-0.078,0.1222,0.2278,278.1067,115.7034,0,resource
15.7938,12.4033,0.027,0.1122,0,4118.7077,4423.7494,-0.0064,-0.0151,0.0093,0.0043,0.0029,0.0179,0.0086,-0.0131,-0.0306,-0.0334,-0.0015,0.0042,-0.0242,0.0154,0,normal
7.2692,12.8183,0.0066,0.1048,0,2803.4215,5085.5033,-0.0124,-0.0084,-0.0034,-0.0008,-0.0017,-0.0122,-0.0034,0.0316,0.0625,-0.0069,0.0058,-0.0084,-0.0077,0.0208,0,normal
88.7924,76.2761,0.2548,1.5572,0.6343,9925.3783,5012.1421,19.2397,-1.5535,-0.0961,0.022,0.2049,-417.8311,128.7538,-36.5266,-10.5277,0.0684,-0.7648,0.0491,-3495.4965,189.1079,0,resource
56.0668,55.0802,0.1238,0.6294,0.2515,3447.4613,1638.1284,11.5349,-3.8619,-0.0152,0.1341,0.077,-588.7778,202.2456,-23.2984,19.9337,0.0118,0.0693,0.1424,-182.7284,524.423,0,cost
56.6738,59.8379,0.5353,1.9524,0.4181,4896.0602,3444.8904,-12.2811,14.1888,0.048,-0.4378,-0.0463,1305.4356,-221.8785,-19.4125,-19.5123,0.1969,1.124,-0.056,-906.8513,1319.9316,0,timing
7.5799,19.225,0.0155,0.1245,0,2190.5315,4040.1061,0.0111,-0.0181,-0.0017,-0.0563,0.0131,-0.0109,-0.0039,-0.0185,0.0292,0.003,0.0292,0.0254,0.0238,0.0412,0,normal
18.292,38.1587,0.3405,4.9839,0,0,449.606,0.6377,3.6689,-0.0546,-0.5653,-0.1473,0.0481,14.4024,-5.2195,-1.8119,0.0645,0.2598,0.0618,-0.0679,-224.8886,0,network
55.6693,40.2141,0.0645,0.5689,0.0652,2378.7957,5555.5859,-12.9492,-4.0412,0.0062,0.142,-0.0612,-283.8405,-753.0444,4.2393,-4.2159,0.0792,-0.0308,-0.069,831.0567,-345.8332,0,cost
18.6106,33.4469,0.1876,3.6351,0.3037,439.9746,565.5044,2.8616,3.2175,-0.0859,0.9256,-0.0952,23.8066,98.4724,-0.1435,-16.3574,0.0471,0.7296,-0.3049,148.5871,98.1933,0,network
53.8382,20.8918,0.1015,0.3701,0,3356.4139,3325.5796,-9.4735,0.708,0.0786,-0.0945,0.0237,774.2473,17.1237,-21.0137,1.9985,-0.0309,-0.1634,-0.0434,-973.6399,776.9515,0,cost
25.6946,25.4753,0.3917,6.2292,0.077,648.4284,429.6124,-5.4536,6.7756,-0.0343,1.3409,0.0108,42.5933,102.6016,-5.9192,1.6237,-0.1774,-3.0567,-0.0161,287.0402,-89.2556,1,network
16.4176,21.4908,0.0116,0.0558,0,3209.7383,4629.503,0.0312,-0.0163,0.0144,0.0295,0.0108,-0.0192,-0.0292,0.0025,-0.0109,0.0312,-0.0188,0.0359,-0.0509,0.0476,0,normal
20.1886,18.7397,0.0208,0.0671,0,3721.2377,5287.3727,-0.0043,0.001,0.0054,0.0266,-0.0082,-0.0058,-0.0176,-0.0067,-0.0252,-0.0351,-0.0232,-0.0522,0.0144,0.009,0,normal
23.6337,34.6448,0.3359,0.3118,2.3027,5919.3055,8327.712,2.6487,5.7328,0.1024,0.043,-0.4975,-203.4468,1984.3358,4.8383,6.1861,-0.0086,0.3116,-0.4877,2218.7588,860.9773,0,pod_crash
51.2741,59.3991,0.4294,2.0403,1.0168,4457.1138,2967.0154,5.5169,12.0098,0.0906,-0.5113,0.1161,389.7443,211.9261,-16.2209,25.768,0.2111,0.3944,-0.2109,1031.8921,542.3552,0,timing
18.7359,22.6139,0.4009,0.5396,1.8035,4266.1504,2528.5183,4.1805,-0.6493,0.0568,0.0037,0.3269,248.79,432.2729,-6.3874,-8.6202,0.0289,0.2211,-0.2101,1672.828,-759.3221,0,pod_crash
25.7352,38.626,0.343,2.4276,0,0,42.1518,7.4242,4.1472,0.1486,0.1556,-0.0316,-0.0585,2.7272,-5.4558,-4.6772,-0.0064,-0.9857,-0.0241,-0.1462,-2.9834,1,network
34.1244,26.3147,0.3346,0.7127,1.2237,1888.196,4443.5491,1.7527,-5.7405,0.0165,-0.2096,0.2319,-70.8662,830.7056,9.1211,1.8939,-0.0712,0.2545,0.4404,233.8698,-1930.5244,0,pod_crash
62.4952,21.4421,0.5055,2.4551,1.7376,761.8032,4145.8193,-8.7469,-5.5617,0.1482,0.6125,0.2098,220.9901,743.8913,-0.5218,1.9253,0.1091,-0.3961,-0.226,312.6966,-1109.6383,0,timing
23.7303,41.2749,0.7489,1.002,2.061,4654.3416,3269.8942,-2.0036,8.7934,-0.1396,-0.0496,0.6474,97.7796,867.8714,-5.8117,-14.2352,0.3187,0.573,0.0928,897.4453,-940.132,0,timing
11.228,40.2196,0.4003,4.7236,0,492.4647,222.9454,1.5259,2.9374,0.0147,-0.5556,0.0186,94.3988,4.973,4.4152,11.2231,-0.1201,-1.5831,-0.0917,-58.6797,-44.2455,0,network
33.3848,22.1948,0.4773,0.6934,2.252,3525.8731,3725.8016,10.0073,-5.4927,-0.1721,-0.2032,-0.0689,767.8412,-966.3614,-5.2509,1.252,-0.2929,0.2798,-0.7423,-801.767,-1063.1713,0,pod_crash
16.4188,21.0343,0.5168,2.4827,0,353.558,717.0427,-1.4433,-3.8732,-0.0388,-0.0726,-0.0093,-32.4954,-173.6865,1.0196,-5.1948,0.2917,0.7002,-0.1383,-143.8042,145.0227,1,network
47.675,34.9832,0.7708,2.2339,1.0136,4448.1318,4711.4265,-8.2551,8.3882,0.1788,-0.4144,0.364,795.0301,-227.6372,20.5478,1.9377,-0.0332,-0.7804,0.4514,-1480.2928,1030.3434,0,timing
12.5548,34.0848,0.3559,2.2707,0.2336,409.6829,755.8774,2.5408,8.3004,-0.0018,-0.4641,0.0671,-90.5048,-39.8601,-2.3093,3.7786,0.031,0.7356,-0.0233,51.964,-88.6833,0,network
38.9348,22.9556,0.3914,2.3973,1.5473,681.352,2758.9083,-6.2299,2.0862,0.1593,0.0196,0.1799,-46.927,-16.8672,5.8242,0.2863,-0.0501,0.3788,0.6184,-307.0275,-99.0873,0,timing
41.5973,19.6495,0.0732,0.583,0.036,3171.3674,4329.8385,-7.097,-1.5467,0.0902,-0.049,-0.0911,-425.0197,-397.3491,7.6904,-7.4793,0.002,-0.0629,-0.2112,618.0814,364.6135,0,cost
67.5603,55.6347,0.6114,0.2236,1.0125,3566.1923,4302.964,6.2353,1.0016,0.2549,0.0002,-0.1737,332.2272,176.5273,5.1934,19.2001,0.0594,-0.068,0.0189,-1275.6318,483.9183,0,timing
16.1702,16.4025,0.0182,0.0635,0,4517.3253,2304.6067,0.0378,-0.0035,-0.0118,0.0094,-0.0039,-0.0037,0.022,-0.0424,-0.0471,0.0368,0.0159,-0.0056,0.0371,-0.0059,0,normal
17.3721,14.0891,0.0302,0.0729,0,4684.9441,5015.563,-0.0008,-0.0009,-0.0207,-0.0285,-0.0058,-0.0378,-0.0166,-0.0041,-0.0304,0.0203,-0.0041,-0.0106,-0.0343,0.023,0,normal
42.9054,64.6791,0.3159,2.945,2.7518,4405.8462,5156.7926,2.2615,14.7006,0.0005,-0.0631,-0.7434,827.8858,-1437.5908,-14.8278,-5.0712,-0.0096,1.016,-0.3444,1937.8933,-532.9529,0,timing
15.8795,23.8744,0.0283,0.0489,0,3661.7331,4663.8181,0.0275,-0.0046,-0.0009,-0.0175,0.0184,-0.0113,-0.0118,-0.0067,0.0075,0.0295,-0.0239,-0.0186,-0.0235,-0.0271,0,normal
86.6864,70.7308,0.2253,0.7466,0.4147,8785.6238,7080.1995,-17.2898,-14.3249,-0.0278,0.094,-0.045,-625.3637,1121.0376,7.3436,-4.2964,0.0289,-0.2364,0.1412,3168.7955,-2411.8524,0,resource
30.2847,28.5706,0.5424,0.5583,3.046,3735.0605,6392.1067,1.1966,-5.3834,-0.1795,0.0552,-0.6591,-68.7666,147.6823,-12.9675,-2.6114,-0.0848,0.1539,0.0832,1453.2643,-2132.3517,0,pod_crash
17.0628,49.3368,0.7747,1.9569,1.3306,2226.752,3670.5269,-2.8148,9.0201,-0.1483,-0.0256,0.4388,566.3848,-142.3468,4.2119,-23.0682,-0.3144,-1.0348,-0.215,540.5617,-305.4356,0,timing
100.7161,68.3141,0.2429,1.1559,0.3458,3617.2669,8010.6931,-4.1645,13.3844,-0.128,0.3857,-0.1441,961.4081,1415.3003,26.1647,29.2299,-0.0203,-0.1186,0.0886,942.3879,-3988.348,0,resource
14.0457,16.6548,0.0187,0.0952,0,5821.9723,3536.9485,-0.0265,0.0348,-0.0351,-0.0197,-0.0204,-0.0112,0.0382,0.0405,-0.005,0.0389,0.0912,-0.0218,0.0343,0.0213,0,normal
14.9425,28.052,0.0347,0.1054,0,2537.9353,4918.3439,0.0164,-0.0054,-0.015,0.0171,0.0107,0.0051,-0.0011,-0.0545,0.0063,0.0674,0.0273,0.0337,0.0247,0.0094,0,normal
36.8534,42.3492,0.0665,1.8396,0.642,4987.5133,4914.7467,10.8921,9.5718,0.0331,-0.0375,0.2064,870.9024,311.3694,12.5587,18.7846,0.045,-0.066,-0.0569,-152.1651,2015.9318,0,timing
52.3545,22.8375,0.0655,0.4445,0.1898,2573.9379,2453.786,14.9086,-1.7105,0.0875,-0.0583,0.0123,157.0372,-259.0489,-3.7113,4.0311,0.0639,0.1414,0.0615,-354.9372,141.7717,0,cost
95.2029,74.3212,0.1742,1.4548,0.094,4928.5681,5062.7284,19.3477,9.7906,0.0744,0.0975,0.0486,-125.3219,505.3908,-41.3871,25.0472,-0.0788,-0.3443,0.0762,-2212.4412,1099.6766,0,resource
97.4843,68.5184,0.206,1.6543,0.3753,4009.0188,4159.9672,-22.8043,-16.8773,0.04,-0.2336,0.2239,832.9182,-1242.3345,9.881,-11.3265,-0.036,0.8395,0.1066,-1241.0283,891.3334,0,resource
52.979,51.764,0.1182,0.73,0.155,3965.1926,1430.5793,5.0494,-5.9411,-0.0488,0.0529,0.0628,-681.3417,-50.0129,15.8559,-7.5405,-0.0316,0.127,0.0995,-1113.6491,633.5739,0,cost
11.1473,50.8917,0.268,0,0.8252,3491.6704,4544.9558,1.7191,2.4559,0.0358,0.0286,0.1085,-861.4257,-649.986,-3.2967,-1.1846,-0.0003,-0.0405,0.0886,-1494.9287,1107.3702,0,timing
19.7825,21.6272,0.2887,2.6046,0.0314,615.4241,916.3426,1.0092,4.1964,-0.0637,-0.5141,-0.0607,163.765,147.922,-1.0197,-10.4391,-0.2504,-0.3296,0.0961,-238.6085,79.4967,0,network
81.4258,87.4479,0.2706,0.7133,0.9093,3796.681,7692.0429,-13.598,5.6277,0.0226,0.2457,-0.256,266.4631,-1139.5252,11.5182,27.7005,0.0039,0.1142,-0.1153,140.8217,2816.4427,0,resource
21.7319,24.026,0.0181,0.1262,0,3485.4162,4371.2912,0.0246,-0.0185,-0.0378,0.0047,0.0073,-0.0182,-0.0117,-0.0487,-0.0186,0.0625,-0.0548,-0.0054,0.0326,0.0057,0,normal
94.5869,77.0286,0.2503,1.2028,0.0984,4751.2708,9093.9135,-10.822,-15.7499,0.0681,0.3659,-0.039,132.1932,-1361.5042,-24.0638,25.8245,0.0873,0.3213,0.1498,-1124.592,-2391.5634,0,resource
16.1282,3.7682,0.3082,4.8072,0.3196,822.0613,460.5326,-0.9627,0.0525,-0.1722,0.4393,-0.0379,-165.5609,-8.979,5.6112,-1.2624,-0.2329,-0.5056,0.0104,-13.7378,-83.8406,0,network
51.1427,42.0233,0.1495,0.0426,0,2299.7979,3284.1174,-14.109,-10.5112,-0.0341,-0.075,-0.155,-318.9139,-872.0349,17.7481,-19.5107,-0.0336,0.0086,-0.0306,555.4771,-989.0898,0,cost
43.7768,34.3034,0.6464,2.0553,0.7775,6535.6328,1217.1222,-10.577,-7.233,0.0575,0.3719,-0.13,-710.8967,95.3828,10.5103,9.9325,0.159,0.608,-0.3923,241.938,-266.7024,0,timing
11.3648,31.4393,0.2677,0.6352,3.2884,6802.9037,3486.9805,3.1856,-0.5293,-0.0233,0.1347,-0.1795,-17.7707,-191.135,-0.9495,-7.2029,0.1172,-0.0353,0.5205,1.5989,-919.7013,0,pod_crash
23.2055,37.4678,0.334,0.563,2.6288,1970.8763,6665.0413,2.1942,-5.2731,0.0657,-0.0246,-0.4961,-29.2531,1828.5595,-4.2371,-17.267,-0.1116,0.0785,-0.8239,-109.842,-219.8473,1,pod_crash
42.187,47.8078,0.3634,2.7811,1.5599,4118.1841,4655.3512,4.0492,7.6824,-0.0484,-0.45,-0.1217,-862.1955,665.4049,-2.359,21.2243,0.1388,-0.8189,0.0176,1705.5971,-1423.9944,0,timing
14.2055,16.0509,0,0.0774,0,3668.304,2809.9687,-0.0211,-0.0218,0.0307,0.0147,-0.0359,0.0079,-0.0419,-0.0503,0.0193,0.0179,0.0189,-0.0483,-0.0293,-0.0439,0,normal
26.3761,21.7664,0.4594,0.1637,2.1721,3563.4023,3165.3013,-4.2844,-4.1053,-0.0154,-0.0326,0.5035,-72.0093,-137.9332,7.4891,0.5163,-0.0948,0.0189,-0.461,-93.5507,150.486,1,pod_crash
12.2915,16.3907,0.0519,0.1209,0,4585.9147,2967.5808,0.0296,0.0131,-0.0128,-0.0247,0.0203,-0.0299,0.0064,0.0131,-0.0108,0.012,-0.0555,0.0024,0.0522,-0.0357,0,normal
17.3683,15.5839,0.0176,0.0916,0,2822.0321,3724.3785,0.0399,-0.001,-0.0131,0.0097,0.0107,-0.0215,0.0173,0.0338,0.0341,-0.0017,0.0268,-0.0512,-0.0218,0.0681,0,normal
78.7963,86.4882,0.2816,1.6585,0.4258,9015.3676,5883.858,6.1407,-8.1167,-0.0009,0.4053,-0.0438,2644.5613,813.7271,-15.907,-12.8591,-0.0558,-0.8481,-0.0234,105.2758,-2909.3034,0,resource
24.9336,18.8584,0.5615,0.8346,1.2437,236.8031,6100.2981,0.4732,-3.6632,-0.0033,0.1046,0.2262,-55.1797,-1232.31,-9.0337,-7.6346,-0.2941,0.4127,-0.4,25.07,-996.7309,1,pod_crash
28.9982,22.196,0.4955,4.0002,0.5494,307.0711,49.8344,-2.9794,4.6707,0.0863,0.3488,-0.2309,68.5635,11.5387,12.4824,-7.2661,-0.175,0.2541,-0.2881,-145.7858,-13.3071,0,network
89.0133,80.8856,0.1155,1.4128,0.2545,10073.4157,6370.0066,-12.8884,-20.0418,-0.0042,0.311,0.0428,-1864.9105,1051.9984,25.5711,30.0356,0.1248,0.0333,0.0013,-827.9962,2189.1993,0,resource
20.3366,15.7408,0.0124,0.1099,0,3502.647,4758.6981,-0.0182,0.0019,-0.0164,0.0448,-0.0015,0.0037,0.027,-0.006,0.0094,0.0594,0.013,0.0296,-0.0557,-0.0128,0,normal
15.7631,34.6123,0.4864,4.4275,0,740.5141,830.5708,2.011,-2.9253,-0.0613,1.2065,-0.0583,-43.4914,248.8678,-4.7394,-1.4048,0.1318,0.1076,-0.0016,251.9313,43.1559,0,network
1.6105,27.5,0.39,2.8964,0.7305,367.4797,0,-0.1029,-0.6014,0.0646,0.7078,-0.1739,-63.4783,-0.0126,0.4874,13.4466,-0.0782,-0.9395,0.2002,-56.8633,-0.0836,1,network
18.0427,19.9427,0.0115,0.0448,0,2274.2276,3875.3645,-0.0368,-0.0165,-0.0034,-0.0064,-0.0097,0.0006,0.0046,0.0116,-0.014,0.0301,0.0366,-0.003,-0.0558,0.0253,0,normal
17.5009,28.5236,0.1156,3.675,0,0,975.1133,-2.1248,-2.1312,0.0012,0.8978,0.0713,0.0766,-236.2319,6.1416,8.4918,0.1388,0.896,-0.0147,-0.0621,-102.9373,0,network
42.0643,19.8728,0.4111,0.7751,1.7256,3829.8104,9101.2034,-12.5004,4.3305,0.0439,0.0994,0.0012,-811.4649,818.1106,8.5486,-2.2386,0.0199,0.1448,0.0497,-851.3956,3703.4007,1,pod_crash
28.2858,36.2827,0.145,0.4297,0,1894.7051,3151.313,-3.2353,4.0138,0.0865,-0.0825,0.1128,205.2879,-564.2142,13.4223,7.8331,-0.0936,-0.1872,0.0317,-766.8627,646.6873,0,cost
14.0807,20.6054,0.0385,0.0282,0,1334.2025,3817.0167,-0.0003,0.0122,-0.0056,0.0091,0.0244,-0.0276,-0.0173,-0.0274,-0.0462,-0.0138,-0.0025,-0.0116,-0.0689,-0.0198,0,normal
44.6887,41.8027,0.0988,0.324,0.0839,1906.7981,3242.4172,7.3914,-4.4405,0.13,-0.0634,-0.0002,230.9078,737.1974,-1.7667,7.7166,0.2062,0.0888,0.1369,709.7653,1481.5962,0,cost
40.1291,64.5207,0.3825,0.8125,1.246,5213.9573,1725.9317,1.5938,-16.7783,-0.0969,-0.296,0.0213,1437.9208,-407.5387,-5.7286,27.8623,0.0902,0.1693,-0.1274,-776.0909,-206.1803,0,timing
34.6117,36.8505,0.2829,3.9183,0,142.8224,190.4879,7.9507,6.6106,-0.0353,0.6285,0.044,-32.0651,51.5504,-0.5432,3.6646,-0.053,0.0083,-0.0262,3.8708,-52.281,0,network
78.0026,72.9809,0.2996,1.7345,0.3182,6856.3861,5337.3443,1.9524,18.6879,-0.0298,0.0485,0.0188,702.8529,1104.0391,-29.0797,30.4499,0.0346,0.5839,-0.1451,-2799.848,-2004.206,0,resource
18.4346,7.6042,0.2354,3.3722,0,462.0388,116.7546,2.5524,2.1795,-0.0251,0.335,-0.0248,-65.6544,23.9512,1.5544,3.0925,-0.0838,1.4061,0.058,-141.3817,8.2148,0,network
61.2554,54.6888,0.1221,0.8416,0.049,2367.0766,2468.1242,0.6337,-1.8001,-0.0347,-0.1299,-0.0839,347.6858,-308.9189,29.4216,13.2999,0.0019,0.1551,-0.0698,255.7909,-1226.5424,0,cost
24.9,31.1198,0.056,0.4669,0.2394,1856.5369,1488.1619,0.3516,8.1926,-0.0843,-0.1757,-0.0833,182.343,-291.137,-2.9587,-9.9648,0.0735,0.1127,-0.158,800.2173,468.9992,0,cost
12.257,14.106,0.0358,0.1249,0,4497.7846,3432.2005,-0.0229,-0.0073,0.0001,-0.0305,-0.0442,-0.0027,0.0043,-0.0362,-0.0422,-0.0135,-0.0386,0.0319,-0.0394,-0.0078,0,normal
103.8936,70.0674,0.2533,1.5754,0.7454,5069.9045,3901.4328,12.9066,-12.8585,0.0357,-0.014,-0.2111,824.3513,211.4707,-43.0241,11.8063,0.0991,0.6903,-0.3113,1221.1744,547.9611,0,resource
72.8179,92.2241,0.1416,3.0309,0.374,8912.5955,6068.6525,21.0031,20.3406,0.0782,-0.7406,-0.1872,929.1858,82.3771,-2.796,-17.9002,0.0059,1.1598,0.1519,4411.0966,334.5807,0,resource
57.1586,42.9574,0.4116,2.7021,2.6432,3755.2808,3225.1375,6.2561,2.7101,0.1442,-0.373,0.3687,837.4866,363.8244,-11.6374,-1.6389,0.0362,0.1263,-1.0868,-1241.4748,162.8153,0,timing
62.6212,29.2495,0.795,3.6904,1.3026,4307.8332,6967.0622,-8.8156,-0.8062,-0.108,0.5063,-0.2792,348.812,930.6567,2.9699,-5.9659,-0.2544,-0.4383,0.2415,-1210.6362,2216.1107,0,timing
57.583,22.0019,0.333,1.7399,1.6991,4743.8743,1536.1256,4.0796,-2.6001,-0.0209,-0.1361,0.1284,966.7621,306.8731,1.1414,9.3244,0.0263,-0.4481,-0.6249,-1753.0675,-321.0473,0,timing
16.6033,23.4006,0.0229,0.0705,0,3449.2304,6008.6824,-0.0197,0.0001,-0.0026,0.0372,-0.0099,0.012,-0.0231,0.0029,0.0431,0.0211,0.0086,0.0126,-0.0329,0.0201,0,normal
13.3463,13.3367,0.0142,0.1114,0,4181.0332,3376.3029,-0.0187,-0.0463,-0.0111,-0.0352,0.0301,0.0131,-0.0462,-0.0337,0.0173,-0.0069,0.0019,0.0336,-0.027,0.0234,0,normal
13.0713,16.4757,0.0117,0.0913,0,4573.5445,4445.5802,-0.0166,-0.0302,-0.0128,0.0019,-0.017,0.0369,0.026,0.0189,-0.0168,-0.0341,-0.0433,0.0133,-0.0232,-0.0441,0,normal
69.0036,77.0197,0.1824,1.8317,0.2326,4370.9757,5074.863,14.9056,-11.125,0.0298,-0.1731,0.025,1022.5594,-1506.7397,31.6954,-23.282,-0.0509,-0.8867,0.1583,-1340.7605,-838.7114,0,resource
59.3352,31.3105,0,0.2686,0,3966.6275,2400.5328,-4.035,3.3309,0.0528,-0.0715,0.093,-1174.1865,-122.1421,14.6101,2.7693,-0.0957,-0.1283,0.0105,-1732.346,141.5183,0,cost
50.4608,41.2128,0.0823,0.3853,0.1638,2850.7217,2362.8402,-0.6324,8.9057,-0.0012,-0.1078,0.0694,-258.6627,-583.7741,-0.0542,0.6579,0.0704,0.1088,-0.063,-777.6261,-986.2977,0,cost
43.0373,24.0129,0.0727,0.0396,0.4097,2117.6003,3442.0818,11.3816,6.4586,0.0245,-0.1427,-0.1024,-80.3378,345.7348,6.9012,11.0387,0.0459,-0.0398,0.253,-369.7841,80.9682,0,cost
39.6396,28.7385,0.4225,0.0705,1.409,1063.2933,5137.9021,10.8166,2.7751,0.0895,0.0127,-0.0104,-212.949,-1416.6579,-0.2169,0.542,0.0954,0.0205,-0.2628,61.1716,-1745.4068,0,timing
16.2366,26.0103,0.0408,0.0652,0,5344.3299,4749.8765,0.0276,0.0254,0.013,0.0009,0.0308,-0.0002,0.055,0.0706,-0.0497,0.0007,-0.049,-0.0256,0.0336,-0.0094,0,normal
74.7925,91.1689,0.188,1.2585,0.0869,8744.2501,3410.2256,-12.9581,-24.3469,0.0607,-0.1151,-0.0415,-386.1855,71.6792,22.011,29.0584,-0.0844,0.0958,-0.0647,2277.8712,-600.9965,0,resource
18.6079,16.4929,0.0365,0.0768,0,3471.8652,3686.8001,0.0017,0.0061,-0.0158,0.0208,-0.006,-0.0462,0.0227,0.0085,-0.0397,-0.0042,0.0284,-0.0378,0.0227,0.0187,0,normal
41.2102,51.7919,0.6277,1.6629,2.4416,5085.2789,4425.4059,-3.8914,-5.2571,0.0544,-0.368,0.7429,501.8112,-1196.369,8.8175,-10.656,-0.2872,-0.7001,-0.6444,-1393.8646,2126.0604,0,timing
34.3194,30.4944,0.3249,0.363,2.4212,5976.9874,6936.9009,-8.8677,4.3125,0.081,-0.0114,-0.6644,-36.3526,-222.2436,-11.7024,12.8419,0.0005,0.0619,-0.3456,-1357.6422,-1307.6398,1,pod_crash
44.9166,41.0962,0.0974,0.3512,0,3060.3295,2929.652,-11.1057,-11.512,0.0101,0.0196,-0.0226,654.3346,692.005,22.3738,17.9023,-0.0255,0.06,-0.0226,-697.6422,54.1814,0,cost
26.5039,40.7109,0.0775,0.2721,0.0956,3509.0185,3820.5616,4.5174,-6.1028,0.0067,0.0012,-0.0452,-304.6502,-803.6952,10.5602,2.0278,-0.0486,0.0418,0.0337,530.4815,-95.6575,0,cost
47.3685,33.6165,0.0803,0.3447,0.1047,2708.3968,2345.5109,-11.4186,-6.7615,-0.0196,-0.0019,0.021,672.633,-505.4493,16.6284,15.8173,-0.0628,-0.2232,-0.0406,-702.3463,-811.9881,0,cost
20.8195,22.0956,0.4361,2.4215,0.3832,372.1268,1192.252,3.0671,-2.0479,-0.0265,-0.2297,0.0337,-110.4977,-221.3954,-8.1445,-1.6988,0.0533,0.366,0.0403,156.171,301.9875,1,network
23.5428,24.6182,0.3819,4.8973,0.1534,440.0248,1014.1412,-4.3118,-3.9698,0.052,0.4005,-0.0503,-119.8709,-138.3186,6.2022,4.5757,0.0922,-0.1178,-0.0139,-137.0304,458.0053,0,network
46.4627,31.7575,0.0604,0.3028,0.1803,617.5946,3511.1661,4.3408,6.6533,-0.0303,0.0284,0.0507,-133.8322,142.2548,-22.1826,10.0905,-0.0284,-0.1021,0.0107,246.6915,406.837,0,cost
82.1324,73.26,0.2666,1.0064,0,7041.9705,7889.6056,-5.3833,4.6385,0.0699,0.1214,0.0565,52.4069,208.2657,40.7647,-3.0551,0.0797,-0.0252,0.0817,-3040.5531,695.3714,0,resource
82.9921,93.6604,0.309,1.6812,0.7726,6728.9991,8553.9424,8.7959,20.8136,0.0304,0.0824,-0.1625,1069.7624,2098.8116,-24.2191,38.6363,0.1959,-0.4359,-0.2301,-324.8929,1159.4916,0,resource
27.799,45.1097,0.6484,0.3665,0,4367.4829,4131.8828,-7.5655,5.5136,-0.0827,-0.0981,0.0376,-1011.4967,-471.5507,-5.0756,-21.7964,-0.0819,-0.1385,-0.0187,-1290.9554,1611.8123,0,timing
18.5615,4.9576,0.6607,0.2284,2.1135,7141.5774,5190.1561,2.7268,-0.4751,0.1859,0.0782,-0.5369,-334.8295,-1195.4583,5.3628,-0.5761,0.2505,-0.003,-0.3733,-1825.2168,2422.7635,1,pod_crash
10.493,26.9218,0.0025,0.1142,0,1145.2737,2981.6081,0.0267,-0.0055,0.0245,0.0273,-0.0119,-0.0212,-0.0265,0.0358,-0.0304,0.0157,0.0004,0.0198,0.0236,0.0591,0,normal
14.1583,20.038,0.0256,0.0975,0,5144.7107,2897.7686,0.003,0.009,-0.0093,0.0202,0.0275,-0.0364,0.0049,-0.0194,-0.0521,-0.0365,-0.0038,-0.0392,-0.0308,0.0104,0,normal
76.0059,75.3635,0.2284,1.2965,0.7747,5497.4499,2151.7763,-22.4306,-22.225,-0.051,0.1347,0.0098,838.8658,-487.5755,25.2255,36.8998,-0.1394,0.3821,-0.4441,-2537.836,333.1121,0,resource
83.7661,82.3222,0.2285,0.5835,0.2001,5905.0053,7146.4153,-10.7791,2.2856,-0.1053,0.0301,0.0701,1259.0416,-1655.9387,-39.7236,-29.8081,0.0089,-0.1835,-0.0688,158.1088,-3496.7749,0,resource
7.5872,43.0102,0.6451,0.5654,0.5406,5228.8662,5849.2151,-0.1168,9.146,0.2824,-0.0259,0.1732,1513.854,-1594.6159,1.0182,9.431,-0.3303,0.1426,-0.3145,-2325.8671,442.0921,0,pod_crash
54.278,41.1381,0.1336,0.4296,0.1997,4634.134,3022.5961,-13.573,11.1867,-0.0792,-0.029,0.0436,-1045.6898,-23.4221,-14.4807,2.2524,0.0821,-0.2,-0.1282,-1313.4473,-779.3754,0,cost
25.5674,25.1527,0.3663,0.3802,0.3449,8226.2451,5735.0084,5.7788,7.4908,0.0398,0.1435,0.0952,-1093.6268,-1340.8625,-3.8605,10.9741,0.0072,0.2741,-0.0151,-3718.349,222.1682,1,pod_crash
37.9651,31.5397,0.1655,0.6078,0.066,3150.8724,2503.3679,4.1021,3.835,0.0225,0.1474,-0.0161,-241.7067,-522.2881,18.5992,7.1353,0.009,0.3199,-0.1006,-1487.065,-204.6497,0,cost
59.077,16.7506,0.0389,0.2908,0.0615,2467.2018,3019.2739,-10.1352,-4.7251,0.0107,0.0553,-0.0386,28.3738,-887.3624,22.2166,-4.6027,0.0947,-0.0281,-0.1231,347.1581,348.749,0,cost
24.3988,20.2382,0.3043,2.9439,0,946.343,598.1606,-1.8598,-2.0497,-0.0496,0.395,-0.0992,-216.7063,-149.9581,-2.1507,6.9397,0.0792,-0.4816,-0.0452,-11.7739,16.8369,1,network
25.4162,35.5475,0.472,3.2595,0.1639,817.0861,57.7284,0.1009,9.4367,-0.1537,-0.5566,0.0243,140.8624,12.1662,8.7259,-10.2087,0.153,-0.0968,0.2659,109.6851,9.1569,0,network
52.1166,60.6978,0.6292,1.7564,1.6188,5206.1361,2960.9925,8.6911,-17.0498,0.0132,-0.3615,-0.4155,1377.7677,-361.2145,-15.4356,4.4986,-0.0214,0.7182,-0.8271,1401.5942,607.7578,0,timing
23.2794,16.6774,0.0051,0.0617,0,2244.8495,3253.6019,0.0069,-0.0101,0.0222,-0.037,0.0378,-0.0173,0.018,0.0037,0.0216,0.0305,-0.0169,-0.0036,0.0181,0.0246,0,normal
10.6742,24.9796,0.4716,3.6486,0.1038,390.2048,614.6772,-2.5818,-5.0078,-0.0035,-0.0072,-0.0046,-15.4015,-20.5445,-4.0307,-6.2133,0.0499,-0.6836,0.0537,52.729,193.6938,1,network
51.1948,33.2856,0.0515,0.1453,0.1806,4449.2058,3874.0123,3.2336,1.1233,-0.0084,-0.1859,0.0377,80.367,354.7028,-17.6206,0.986,0.0149,0.2125,-0.0337,1692.0911,-1806.7688,0,cost
85.5027,80.2019,0.1374,1.21,0.3501,5375.2116,3640.2243,-5.8205,20.5301,0.0447,-0.1644,-0.0478,502.044,232.5137,-41.0563,8.8981,-0.0189,0.2797,-0.0661,-2404.9908,34.2612,0,resource
45.0459,62.381,0.3894,1.5362,0.8378,5117.1891,4987.6626,1.8356,3.4804,0.1322,0.0293,0.1903,192.4053,8.6367,13.5466,-13.8814,0.1513,0.3003,-0.2804,-1564.5058,1950.0001,0,timing
39.2507,63.4129,0.4042,0.9573,1.1282,2212.6178,2246.1073,-6.6509,-16.8517,-0.0367,0.2044,-0.0526,341.5595,-30.3735,-19.2703,6.9087,-0.1058,0.1465,0.4993,-786.7404,-579.5207,0,timing
87.3373,80.0227,0.2061,0.6223,0.644,7899.9732,7240.2464,-19.0791,-13.6344,0.0243,0.067,0.1128,-2260.5924,-992.7777,-21.1519,-9.1936,-0.0337,0.344,-0.3143,808.3796,-3309.2149,0,resource
10.9135,14.5023,0.0262,0.0662,0,3889.6145,5265.6455,0.0019,0.0015,-0.0456,0.0021,0.0237,0.0259,-0.0229,-0.0322,-0.0492,0.0036,-0.0274,-0.0089,0.0091,-0.0152,0,normal
15.6568,21.1974,0.0342,0.0325,0,2968.4523,3504.0614,0.0274,0.0334,-0.0106,0.0196,-0.0052,-0.0172,0.04,0.0396,0.0399,0.0034,0.0174,0.0218,0.031,-0.0312,0,normal
12.7199,44.1347,0.6795,0.8456,4.2769,4998.3523,4750.3721,3.5542,8.2015,-0.2056,-0.0975,-0.8751,666.4889,-740.3806,-2.9263,6.8496,-0.1294,-0.2725,-0.8369,-1222.456,-1283.2261,1,pod_crash
74.1468,66.1933,0.1337,0.9442,0.6743,3711.8129,3485.2725,6.1618,16.8777,-0.0157,-0.0294,-0.1454,-438.696,-439.2249,-13.6393,-12.0204,-0.1678,-0.4462,0.0824,-401.1523,1526.1764,0,resource
16.7891,25.9397,0.435,0.6095,1.5377,9620.2265,3044.8361,4.3257,3.238,-0.0322,0.0959,-0.1445,1193.8928,483.7237,3.0915,11.27,0.1681,0.0538,0.4974,-3811.6117,34.1248,0,pod_crash
83.7634,75.4445,0.1844,1.2317,0.2055,6863.7845,1689.4348,14.6148,20.167,0.0547,0.1043,-0.061,-1701.4068,481.9176,18.5007,-6.0703,-0.0608,0.0474,-0.1365,2374.1468,-841.1508,0,resource
18.5879,21.5637,0.0131,0.0785,0,3313.3523,5694.8763,-0.0239,0.0083,-0.0011,0.0298,0.0059,-0.0034,-0.0116,0.011,-0.0252,-0.0364,-0.0532,0.0097,-0.0098,-0.0085,0,normal
6.7069,21.5096,0.5142,5.3021,0,318.897,91.0529,1.5867,-1.5138,-0.0523,-1.4965,-0.0593,67.0319,1.6541,-0.0923,-1.9433,0.297,-0.0084,-0.0157,-107.1075,-4.8918,0,network
9.9082,22.4367,0.0169,0.1312,0,3461.2996,3175.8389,-0.0053,-0.009,-0.0324,0.0319,0.0162,-0.0011,0.0087,-0.0548,-0.033,-0.0784,0.0275,-0.0158,0.0493,0.0208,0,normal
50.8209,31.594,0.1389,0.1799,0.208,5001.2444,3568.8427,4.1156,8.9607,0.148,0.009,-0.0146,838.4465,-114.6623,23.8424,-11.7372,0.0279,-0.111,-0.0035,-346.9093,1167.2534,0,cost
96.3611,74.0158,0.1888,0.8318,0,3870.8496,5259.4537,-22.3269,11.3464,-0.0977,0.0913,-0.079,918.8422,804.9104,-18.981,-34.5521,-0.06,-0.2038,0.0734,684.1956,-1971.1244,0,resource
20.4882,32.0364,0.6186,0.7915,3.1507,2649.3918,4498.8714,-2.0949,4.6798,-0.0964,-0.0399,0.0722,536.5723,-858.2395,7.5719,5.2747,0.2276,-0.2816,0.4174,502.1058,-663.3402,1,pod_crash
19.3033,24.2617,0.0156,0.0847,0,3536.569,6238.25,0.0121,-0.0181,-0.0538,0.0078,-0.0329,-0.0472,0.0184,-0.0228,-0.0035,0.0229,-0.0004,0.0082,-0.0157,-0.0072,0,normal
41.161,37.1058,0.1737,0.4143,0.1024,2545.7399,3549.3234,6.0587,-2.1385,0.0583,-0.0288,-0.0036,97.2644,670.2257,10.3117,-11.1891,-0.1884,-0.111,0.0824,140.909,1151.3352,0,cost
14.2289,19.1658,0.0173,0.0677,0,5120.929,2994.9642,-0.0006,0.0049,-0.0023,-0.0234,0.0048,0.0305,0.0149,0.0143,0.0093,-0.0359,-0.0206,-0.0047,-0.0191,-0.0018,0,normal
17.4779,24.5194,0.4654,5.2852,0.1695,503.0587,606.491,0.2122,3.638,0.1852,-0.9617,0.0697,-58.2534,-123.2886,-8.5225,9.9079,0.1872,1.8514,0.0056,20.537,-213.8572,1,network
40.8826,34.9925,0.0778,0.3004,0.0885,4020.5131,1043.9395,4.8603,-0.5721,-0.0372,-0.0857,0.0334,-897.203,-253.3265,-2.8537,-11.7545,0.1252,0.0076,-0.0362,1287.2369,72.4456,0,cost
69.4082,22.6824,0.0862,0.3676,0.055,3537.7443,3113.564,-7.398,-4.679,-0.0021,0.0836,0.0312,-716.3042,842.0185,2.5968,2.0836,-0.0212,-0.0785,0.0218,1235.0144,-856.0961,0,cost
86.1334,78.0819,0.2712,1.3467,0.4609,7267.0844,3596.0811,7.7803,-5.3552,-0.051,-0.0547,-0.0631,1276.225,-964.4641,17.0367,-9.4292,-0.2346,0.0258,-0.2025,-1484.3171,-1057.9209,0,resource
82.2284,92.3549,0.1106,2.1527,0.6743,9472.3192,8267.4144,3.5933,-23.2792,0.0085,0.3656,-0.1674,921.4237,-2392.7961,-5.2728,-24.5755,-0.0233,0.5325,0.1443,-1129.4777,-4036.1229,0,resource
55.6114,40.3527,0.0876,0.2168,0.0853,5107.3949,1581.002,12.9351,-4.9871,0.0106,-0.0317,-0.0687,-1293.4707,-333.2639,-14.8754,15.2863,-0.239,0.0523,-0.0858,-533.9382,-384.4704,0,cost
78.7754,82.5144,0.1286,1.2586,1.0527,4271.8944,8459.3943,-0.8541,-8.2053,0.0461,0.3312,-0.1549,-510.8695,714.7465,-34.6604,-35.3598,-0.1375,0.6407,-0.1372,1557.8253,-2717.6942,0,resource
50.7421,47.0915,0.364,1.818,0.2496,4023.4625,3111.5058,4.1432,10.8438,-0.0528,-0.4324,0.0011,-165.5243,-7.2679,-18.9509,-6.6943,0.0829,0.0522,-0.1734,-1037.5644,431.3434,0,timing
41.5232,45.2969,0.4453,2.7534,2.6893,1897.9281,5475.4674,7.4143,1.253,-0.0549,0.5069,0.2843,389.5696,-1215.8872,-14.2456,-19.8872,0.253,0.1018,-1.1065,9.2931,231.3594,0,timing
42.023,28.5425,0.1303,0.629,0,3415.8738,787.2118,3.4951,3.1999,0.006,-0.0156,-0.069,-640.9837,170.311,17.1109,12.8319,0.1117,0.2312,0.06,-341.8599,215.7949,0,cost
46.1833,27.5364,0,0.4051,0,3141.6649,2932.4546,12.1833,3.1079,-0.0024,0.0905,-0.0696,-872.5273,436.9209,-13.1688,4.0442,0.0056,0.0189,0.0765,1065.0231,-1197.3704,0,cost
7.2353,41.15,0.4705,0.3856,0.7615,3398.8521,5905.2897,1.8013,-12.2774,0.0032,0.1001,-0.1381,-28.199,-1299.392,1.2751,13.3772,0.1555,-0.1942,-0.1088,1645.3172,-1338.3259,1,pod_crash
30.8541,41.928,0.5633,0.4561,3.8726,7343.3777,6545.4948,-8.3051,-7.8333,-0.1298,-0.0478,-0.4232,1006.9281,-78.165,-4.4952,12.6576,0.1118,-0.0887,0.8686,-3430.4829,-1693.2098,0,pod_crash
41.2936,36.6569,0.1058,0.3157,0.1285,2945.2386,3853.2922,-10.0427,-6.7867,-0.0505,0.0479,-0.0434,-864.5851,295.6298,-4.6481,14.6296,0.0056,-0.0066,0.0063,-98.2918,-1673.7424,0,cost
90.6377,81.2326,0.2922,0.8262,0.5956,9544.0597,5699.0566,11.7827,-7.2427,0.0262,0.1077,-0.0238,2036.2664,161.094,31.3072,-23.524,-0.1666,0.0287,-0.1641,-4234.0318,-1544.1532,0,resource
51.9025,35.2927,0.0121,0.7507,0.1276,3830.0708,3559.305,-6.4868,-5.5711,-0.0071,0.1837,0.0197,234.4146,-213.2371,4.3298,4.6059,-0.0159,0.0707,-0.0386,1676.6675,-1048.0236,0,cost
57.37,46.1865,0.1369,0.5113,0.2648,1804.4437,3464.2052,8.2534,10.6957,0.0261,-0.0767,0.1339,250.9105,911.1563,19.462,20.2224,-0.0885,-0.296,-0.0058,872.1384,-349.9353,0,cost
20.7583,66.6004,0.5633,2.0734,0.6245,3514.6433,2167.1869,5.7249,-6.7556,0.0502,-0.168,-0.036,958.9363,573.6515,9.6915,6.1076,-0.2375,0.0144,-0.0448,1384.4633,150.1876,0,timing
31.3561,30.6797,0.797,0.3644,1.021,6608.0412,7976.1079,4.7957,-0.4498,0.2547,0.091,0.0981,1846.6567,616.2264,-8.6489,6.9172,-0.279,0.0113,0.3436,2077.3754,-3565.8137,0,pod_crash
13.8286,18.892,0.1387,3.7598,0.4059,383.6953,608.5323,-1.7328,-4.7235,-0.0217,-0.207,-0.0173,-94.7595,95.1274,4.2493,-5.4475,0.0802,-0.2332,-0.2441,186.3774,181.2037,1,network
13.5821,22.4433,0.0145,0.0575,0,5405.1083,2696.4302,-0.0198,0.0018,0.0229,-0.0019,0.0048,0.0195,0.0153,-0.015,-0.0261,0.0071,-0.032,0.0199,-0.0481,-0.0313,0,normal
40.0556,45.5726,0.5685,1.4115,0.4256,2931.3471,3092.7487,-11.5831,8.5038,0.0447,-0.3865,-0.0621,-476.1448,-467.6169,-2.2245,-3.56,0.1304,-0.1862,-0.0877,842.6983,-1301.9657,0,timing
16.7056,23.422,0.3043,0.5924,1.526,917.5332,8444.0205,-3.3026,5.0274,-0.0485,-0.127,-0.0706,-255.6165,2417.4302,-5.2696,-1.8883,-0.1193,-0.3516,0.2441,245.1699,-2449.6447,0,pod_crash
48.0771,17.3499,0.7273,0.9127,1.089,4463.7411,5726.9902,-14.3312,0.6902,-0.1338,-0.0701,-0.2877,763.7191,-1311.2823,-18.4397,-4.6286,-0.244,0.1385,-0.2698,-2072.5121,-1990.1567,0,timing
59.7097,20.9604,0.0716,0.359,0.0698,3610.1862,3555.5572,-3.981,-5.332,0.0591,0.0993,-0.0032,964.5738,-176.2786,-19.2995,1.8035,0.0302,0.005,-0.0801,-1425.0158,-1226.3282,0,cost
35.136,10.699,0.7346,0.6142,0.7928,4086.3359,7434.5708,4.3617,-0.0853,0.1318,0.0646,-0.1902,-521.629,216.0586,-17.4524,4.5953,-0.0235,-0.2178,0.128,987.0754,-2849.3279,1,pod_crash
35.8204,53.9924,0.7318,2.3487,2.7878,3389.0816,4110.3016,5.8924,-9.4428,0.1026,-0.3846,-0.2718,-886.7586,497.3216,-7.7994,-13.6834,0.378,-1.0112,0.1611,1160.1132,-137.6803,0,timing
75.7359,76.8106,0.1383,0.3861,0.0758,4882.9677,5688.2781,-10.2202,-16.2056,0.0272,0.0123,0.0577,231.764,396.9504,-4.6539,-20.5389,0.0268,0.1457,-0.0547,2156.4525,-2229.0101,0,resource
31.3451,28.6297,0.3473,2.4389,0.2115,162.7687,297.5667,3.5849,3.7921,0.022,0.622,0.0853,26.1151,-19.8455,-7.255,0.1712,-0.1779,-0.951,-0.2246,-72.2489,8.2722,1,network
14.9497,18.5398,0.0167,0.0585,0,2904.5996,3421.1189,-0.032,-0.0136,-0.012,0.0008,-0.0268,-0.0197,-0.0258,-0.0144,0.038,-0.0736,-0.0066,0.0521,0.0256,-0.0272,0,normal
24.9458,30.4618,0.2587,3.7842,0.323,462.677,319.2602,6.5824,-5.4188,0.074,-0.5392,0.0071,-102.7671,-1.952,-6.6717,3.6,-0.1122,1.3661,-0.0742,29.6581,-63.7904,1,network
33.1882,35.1049,0.4662,2.138,1.6639,3917.8743,3770.0299,6.8182,-1.4553,-0.0747,-0.2489,-0.0646,-734.2984,191.0401,-8.2437,3.9287,-0.0177,0.7111,-0.6379,1624.1845,1323.3748,0,timing
9.3191,13.2687,0.1415,4.2485,0.4749,699.5506,313.888,-1.4365,0.3885,-0.0317,-1.1044,-0.0925,53.2494,-7.9665,-3.2293,2.0934,0.0093,0.8331,-0.1053,-221.5968,-126.7785,0,network
61.209,30.3073,0.5782,1.7285,2.8061,4090.1763,6040.6886,-10.6101,-1.8171,0.0839,-0.255,-0.0464,-487.0047,-650.1204,7.4416,-11.3932,-0.0607,0.3058,0.4465,1026.0315,2625.8029,0,timing
18.5257,13.4138,0,0.0567,0,3586.6344,3934.1107,0.0169,-0.0082,-0.0292,0.0315,0.0067,0.0083,0.0336,-0.0164,-0.0277,-0.0009,-0.0257,0.0024,0.0324,-0.0006,0,normal
61.9026,39.0476,0.0781,0.4176,0.0585,2358.8352,2059.3551,-8.7735,-0.9175,0.0135,0.052,0.0171,-339.1903,359.6272,19.8398,-1.541,0.0208,-0.137,-0.0596,320.6017,660.5512,0,cost
14.4089,20.2083,0.018,0.0855,0,2508.5344,4978.8153,0.0009,-0.0027,0.0013,0.013,-0.0061,0.036,-0.0009,0.0358,0.0009,-0.0246,0.0136,-0.0123,0.0268,0.0074,0,normal
70.8694,79.5029,0.2179,1.1221,1.1399,8039.6779,7115.6305,2.7034,21.7821,-0.0188,-0.2507,0.0613,-1403.9975,1248.8083,22.8377,32.3633,-0.0847,0.1673,0.5333,3191.8808,510.0131,0,resource
44.4769,25.7696,0.0741,0.6646,0.0808,4044.8891,1333.8102,3.3791,-3.8085,0.0173,-0.1082,-0.0141,26.9876,79.6261,4.0126,-5.6646,-0.0253,0.3033,0.1046,1332.5436,-497.7954,0,cost
67.775,43.9452,0.0993,0.612,0.1005,1150.6629,4455.2894,18.5434,11.3574,0.0565,-0.0554,-0.0306,139.4558,-242.544,12.829,-7.2571,0.013,0.173,-0.0863,-51.0158,181.1094,0,cost
81.2365,78.3515,0.2385,0.7529,0.5315,5294.6335,4427.43,-4.9287,-11.2951,-0.0105,-0.0053,-0.1093,611.9627,-650.6426,-37.3433,-32.0616,0.0125,-0.2105,0.0863,-244.2708,-1631.9125,0,resource
25.9663,26.2028,0.514,3.9413,0.8109,719.2589,568.356,3.081,-3.9912,-0.0761,-0.517,0.3612,41.4551,-92.5828,6.7835,-6.1159,0.0919,-0.715,-0.2135,58.3929,-10.5695,1,network
55.5231,70.3593,0.533,1.4949,1.4209,3337.1517,4080.9085,-2.6488,15.9369,0.1122,0.1072,0.3429,-401.2381,-158.5994,17.8908,-10.4226,-0.1526,0.1238,0.5988,336.511,148.9197,0,timing
29.8291,27.7528,0.1687,3.4385,1.219,3467.092,2848.6979,3.4004,4.6709,-0.0078,0.7361,0.2482,-813.323,781.0009,-0.6158,8.9022,0.0582,-1.3516,0.4989,517.4578,-266.7736,0,timing
83.1733,83.918,0.0894,1.5489,0,6586.017,8931.6788,21.4256,18.4706,0.0297,0.046,-0.0404,-818.2807,1439.4118,2.0894,40.5628,-0.0136,0.6565,0.1751,-2973.0266,-97.7308,0,resource
14.4582,15.9094,0.0192,0.0865,0,5349.6465,4015.4931,0.0257,-0.0005,-0.019,0.0044,0.0042,-0.0044,-0.0102,0.0153,0.0539,0.0449,0.0417,0.0051,0.0184,-0.0244,0,normal
31.7689,31.1404,0.7299,1.7697,1.0188,5915.4662,2895.6103,8.9377,3.5739,0.0471,-0.3818,0.1764,-51.4495,830.6763,-8.2235,-12.4086,0.3012,0.7074,0.2782,1725.7626,-770.5314,0,timing
59.2211,44.0682,0.1014,0.7556,0.1863,5068.6368,3267.1108,-2.3676,0.1833,-0.0383,0.132,-0.1037,-1492.6394,379.8727,-14.0654,18.0585,0.0147,-0.1517,0.0439,-2524.0387,-1163.9305,0,cost
86.7364,80.3657,0,1.1533,0.5366,5982.0429,6785.3173,5.9594,-10.3296,0.0352,-0.2185,-0.1514,921.4224,1487.0878,-1.3137,23.6652,-0.0579,0.4978,0.0662,-2220.9987,-1958.2601,0,resource
27.5921,30.6975,0.3793,3.5294,0.099,137.2813,508.7078,2.5141,-1.0857,-0.008,1.0704,0.07,-24.0306,150.5837,0.1161,0.2597,-0.1204,-0.434,-0.0103,-7.8115,-11.4721,0,network
40.772,31.1149,0.8022,0,1.3848,3364.5291,3790.8192,5.8549,5.0813,0.2534,-0.0155,-0.2124,748.773,-914.6277,16.3715,12.3429,0.3664,0.0859,0.186,500.9558,-1230.1481,0,timing
30.7388,30.8131,0.6605,2.5619,2.1125,4176.1868,3431.0772,-1.0391,7.7459,0.1091,-0.4748,-0.5623,-906.6493,205.5869,-6.6194,-4.3637,-0.3261,1.0007,0.0524,-1791.1267,-375.968,0,timing
41.6503,24.0434,0.5271,0.5984,1.3078,4911.3393,5410.9545,-7.0795,-1.1247,-0.1284,0.0403,-0.0599,1314.8059,-1370.4085,-6.9682,-3.7835,0.1307,-0.121,0.0747,-250.0583,-627.8747,0,pod_crash
101.5312,79.0602,0.1562,0.9543,0.1006,6369.0416,5549.7822,12.7426,6.4727,-0.0215,0.1026,0.0309,-127.8208,-1029.7584,-41.0878,-0.489,-0.1112,0.4013,0.0831,-2010.9458,-2089.1667,0,resource
84.327,83.3049,0.2042,0.9715,0.5312,6029.3195,1836.8369,3.3725,-0.645,0.0412,-0.1619,0.0534,127.082,431.6264,-15.1842,-12.1612,0.0554,0.2508,-0.2235,-1875.0899,445.4766,0,resource
20.0704,15.9802,0.0178,0.1098,0,3922.9634,3356.4026,0.0096,-0.0141,-0.003,0.0241,0.0013,0.0123,-0.0036,0.0136,-0.0168,0.0234,0.0491,0.031,-0.0223,0.0184,0,normal
78.1903,53.0387,0.1933,0.5433,0.6381,8438.3033,4903.8218,-12.5059,-7.3682,0.0436,0.1228,-0.0225,811.9607,6.7209,8.6577,-9.9432,-0.0893,-0.0722,0.1791,-4040.1755,753.8371,0,resource
16.6606,19.3197,0.4423,2.5883,0.4404,325.5857,147.4519,2.9628,-2.8943,-0.1122,0.2386,-0.0265,-50.6562,6.2982,-1.5349,8.8547,0.1598,-0.6756,-0.1858,-99.976,23.7666,0,network
21.7346,19.9107,0.0221,0.0513,0,5240.3523,4580.6152,0.0139,-0.0023,0.0169,0.0096,-0.0112,-0.0302,0.0113,-0.0144,0.0028,0.0326,-0.029,0.0745,0.0133,0.003,0,normal
17.368,26.5624,0.4051,0.7173,1.5069,4910.7657,115.2969,4.058,-5.0838,0.0517,-0.1313,-0.0712,1293.5748,31.7918,0.8596,-11.0701,0.1682,-0.0963,-0.1679,-1130.1617,-0.7612,0,pod_crash
53.1658,43.9373,0.1068,0.0601,0.1302,1949.0936,2419.3842,-10.7638,8.343,-0.0856,0.0424,0.1564,-1.5545,676.1382,17.5466,7.1751,0.051,-0.1103,-0.0167,-404.9873,161.8045,0,cost
20.3904,25.9559,0.482,3.917,0.0649,1134.5696,90.1009,-2.4283,-0.3206,0.0838,-0.3977,-0.0562,313.8069,14.9868,-9.862,-8.9162,0.127,-0.1659,-0.0133,293.1587,31.5732,0,network
99.2942,88.768,0.0746,1.6913,0.6249,6330.1269,6987.7177,18.2561,22.5478,-0.1292,0.4879,-0.1437,-864.4274,1530.6025,5.3562,-0.7192,0.1157,0.4466,0.3954,-2880.1071,-2551.9684,0,resource
94.5582,72.1941,0.1945,1.8575,0.6633,2243.8028,6784.472,12.0377,2.5059,-0.0658,-0.2198,0.1348,-287.4791,-917.4327,-11.0534,-8.7118,0.0135,0.9061,0.1628,530.7916,-2375.7706,0,resource
20.6112,32.0698,0.4842,0.6083,1.5073,5484.7716,4115.5662,-1.3498,-7.8693,-0.09,-0.1504,-0.0828,-968.4694,938.917,2.5902,-6.3296,0.0231,0.0987,-0.0109,-927.2343,1974.327,0,pod_crash
83.9073,92.6983,0.1973,2.0455,0.7642,3066.2453,7270.7155,-0.4317,-16.5321,0.0999,-0.2294,0.0954,182.6634,1120.9012,30.7506,-14.1491,0.0189,-0.858,-0.104,-653.8918,-2770.858,0,resource
78.7596,71.7978,0.2679,1.9711,1.0341,6731.2799,6836.3701,23.1943,-18.8403,-0.0364,0.3853,-0.0566,-1283.9793,1359.6751,-23.8859,30.2578,0.1351,0.2795,-0.3233,-2685.5904,-2848.4438,0,resource
30.5014,43.9114,0.1576,0.2874,1.0872,3249.3614,4110.0187,-7.6513,5.6797,0.0586,-0.1076,0.1721,-766.9297,-693.9236,2.597,10.6754,0.0304,0.0583,-0.7211,302.2887,-1848.0282,0,pod_crash
81.3751,68.7613,0.2579,0.8843,0.5103,5876.1152,6408.0829,-20.3729,7.2395,0.049,-0.0345,-0.0738,-685.0609,734.122,39.2552,21.0342,0.1863,-0.0415,-0.1759,-1732.0038,1860.2364,0,resource
33.1293,34.6457,0.621,2.1811,1.1562,3319.8462,3974.969,2.5309,-2.0524,0.0597,0.0362,-0.003,274.232,-732.0677,-2.648,13.2004,0.197,-0.9473,-0.5745,1633.6619,283.35,0,timing
38.8707,36.4368,0.4907,1.0527,2.9858,3674.9333,2605.2358,6.783,3.0984,0.0193,0.1912,0.7329,597.1503,-266.9352,6.9023,-12.2784,-0.3329,-0.0383,0.5869,-692.5248,1253.7201,0,timing
18.9041,37.1757,0.5445,2.5114,0.8868,3390.4938,2998.9018,0.741,8.1729,-0.0498,0.3867,-0.06,444.0187,-309.4052,9.152,-10.2459,-0.2436,0.398,0.2747,1087.656,-969.3613,0,timing
25.3365,25.1273,0.4663,0.5843,0,4921.4802,4126.8617,7.1596,3.2779,-0.0148,-0.1863,-0.0172,838.6005,43.0737,7.9114,6.3135,-0.1362,-0.1303,0.1204,834.9665,-1986.4339,0,pod_crash
14.7168,17.8959,0.0167,0.0769,0,2882.0556,3562.6163,-0.0128,-0.0235,0.0006,-0.0017,-0.0089,0.0092,0.0263,0.0365,0.008,0.0437,-0.0172,0.0453,0.0026,0.0176,0,normal
49.1019,36.2304,0.1052,0.4412,0,2658.8021,2155.2611,-6.5539,0.1594,-0.0437,-0.0345,-0.0153,452.1231,449.3418,-13.3403,5.1915,-0.0494,-0.0543,0.0436,724.4643,896.303,0,cost
31.9763,26.427,0.1569,4.0393,0.704,226.8228,534.2068,-8.0664,7.7321,-0.0157,-0.696,-0.052,54.3504,-138.0735,13.68,7.0443,-0.1541,-0.7111,0.1777,21.6523,-127.704,1,network
9.0344,30.4046,0.362,5.8993,0.0466,713.9731,344.3167,-1.108,3.2654,0.0204,1.2954,0.0281,86.597,-10.9748,1.9527,11.3492,0.0516,1.0516,-0.0398,114.493,-114.5806,1,network
22.1163,23.9244,0.3033,2.8728,0.3263,556.7125,600.0185,5.45,7.0272,0.0124,-0.6912,0.0603,162.743,-13.4554,8.933,-5.708,-0.3059,0.1638,-0.1157,31.6086,-86.0117,0,network
79.6735,84.3622,0.2454,1.5425,0.2823,6277.8421,7109.7122,-7.138,10.3519,0.0896,-0.0131,0.072,1094.2884,1753.122,-9.6985,-37.1422,0.0855,0.3988,-0.1005,-956.2287,-2831.8936,0,resource
20.023,46.0072,0.2669,2.5006,1.9819,4219.2376,3460.7972,0.8384,-3.0965,-0.0443,-0.1397,0.4459,423.818,504.4164,6.2806,-6.6319,-0.0549,-0.5297,-0.0129,26.5724,1686.2772,0,timing
74.8847,95.7984,0.1577,0.8219,0.4882,5695.1419,6558.7525,17.1705,-1.9124,0.0315,-0.0397,-0.1122,143.4144,-1092.8131,-33.2118,1.4578,0.1262,0.1483,-0.1817,532.4149,1520.6726,0,resource
28.8386,15.4007,0.3134,0.6417,2.4244,5603.9953,7402.3402,-4.8405,3.7291,0.1606,-0.0239,0.1676,1424.7469,-1948.1939,-0.8859,-4.6453,0.0112,-0.3079,0.7224,-735.3193,-1969.3649,1,pod_crash
44.8767,62.0208,0.5279,0,1.2388,3832.1818,3288.7492,-12.4088,-11.7811,0.079,-0.0214,0.2673,-93.054,-186.7618,17.7662,3.9071,-0.1681,0.0448,0.2477,1751.73,931.2784,0,timing
37.3881,31.9486,0.1795,2.2616,2.1254,5513.2657,5454.6431,-11.0745,-5.4181,-0.0616,0.1819,0.263,268.4076,-650.3222,-17.8218,-0.6624,0.0228,0.3604,-0.2063,-1197.9759,750.1093,0,timing
50.9616,25.8529,0.361,0,2.1826,3308.9186,3457.2627,-6.8318,5.4502,-0.0463,0.0273,-0.3555,692.9716,1009.1148,-2.6426,2.5808,0.0377,0.0466,-0.9476,407.104,359.1857,0,timing
58.7711,43.8199,0.102,0.2641,0.2186,3963.4188,3309.0149,4.5189,-8.1391,0.0035,0.0757,0.0225,-415.0592,224.4094,16.3793,7.7841,0.1909,-0.3063,0.032,-1141.862,4.932,0,cost
72.4502,81.1869,0.2497,0.6434,0.5037,11746.2854,5557.9598,-9.4188,-14.3298,0.0846,-0.1125,0.0518,1205.3468,1450.1172,20.6962,39.2861,0.079,0.191,-0.1316,-4092.613,2072.5899,0,resource
39.1024,79.2273,0.6919,2.8468,1.0128,4400.9882,3968.8558,-1.8423,11.8822,-0.1061,-0.3403,-0.0029,714.1944,-919.8878,-9.0057,7.7578,0.2851,1.2916,-0.1341,229.7938,230.0031,0,timing
13.5246,40.5902,0.5519,0.5475,3.2988,3321.515,8007.3823,-0.9687,7.489,-0.1471,0.1318,-0.6957,-526.7855,395.1548,5.1401,15.9469,-0.2023,0.2223,-0.2312,726.632,1492.4835,1,pod_crash
17.6762,27.3756,0.3557,4.752,0,920.8443,632.0947,4.8949,-0.2726,-0.1012,-0.8273,-0.0343,228.2066,125.5378,4.7846,-12.6139,-0.0405,0.9798,-0.0133,-123.4455,-100.4837,0,network
15.755,23.8822,0.0156,0.1016,0,3571.809,4807.9439,0.0225,0.0035,-0.0197,0.0034,-0.0339,-0.0089,0.0077,0.014,0.0362,0.0024,-0.0006,-0.0165,0.0026,0.039,0,normal
25.2576,36.4059,0.0324,0.4329,0.3794,4431.5901,2368.4779,-1.6969,-9.2046,0.0243,0.0908,0.1344,-354.5987,-139.2392,-7.3411,-5.0723,0.0695,-0.0959,0.0111,-2102.377,-484.0455,0,cost
54.6191,44.842,0.0742,0.6166,0.1682,2858.7969,3607.0501,8.059,12.2726,0.03,-0.0057,-0.1898,266.7504,-583.9519,-26.3033,-15.6892,0.069,0.2946,0.1464,-143.6335,-377.0803,0,cost
100.085,83.8899,0.1594,2.3467,0.0534,3760.8312,6851.6209,23.0632,0.931,0.0745,-0.3883,-0.013,-651.398,-551.0198,33.7062,5.6048,0.0473,1.0054,-0.0419,1288.3597,194.9209,0,resource
82.6142,74.7954,0.2129,1.2733,0.5051,2201.5694,3985.868,3.4643,-6.8915,0.0383,-0.031,-0.0065,-310.3167,1071.4446,32.7794,28.9327,-0.0945,0.5926,-0.1479,452.7187,-328.5842,0,resource
21.7702,29.8474,0.6079,0.5834,1.9959,4790.7898,5792.7505,-6.0723,5.855,0.1445,0.1032,0.107,-117.1172,902.9003,-2.9359,11.3798,-0.0261,0.281,0.8162,2019.0015,2077.0578,0,pod_crash
31.6198,34.2941,0.3873,0.3681,0.4513,3922.7067,5898.9183,-6.4003,9.7434,-0.1103,-0.0932,0.1179,157.1603,1316.1885,3.9809,-9.1696,0.1199,0.0785,-0.1377,459.9683,-2745.1735,0,pod_crash
8.6321,24.687,0.3122,0.5486,1.5071,3837.0309,4822.4851,-1.5905,5.8107,0.0204,0.1259,-0.1901,-180.9735,-1014.4219,0.9146,-8.1116,0.02,-0.0676,-0.7198,-453.5774,-1270.9032,1,pod_crash
17.9081,13.2376,0.3578,2.9336,0.3974,450.0872,700.078,2.0187,3.4936,0.0115,0.295,-0.135,-89.2605,-148.2889,0.7487,-4.7109,0.1681,0.0373,-0.0017,28.8493,300.1345,0,network
20.4098,17.7939,0.0257,0.06,0,3092.1989,3120.8104,0.0053,0.0002,0.003,0.0064,-0.0161,-0.0236,0.0116,0.0558,0.0127,-0.0338,0.0429,0.0172,-0.0169,0.0732,0,normal
75.1908,79.3157,0.2215,0.8578,0.925,8243.6252,6044.0807,-9.9732,4.6572,-0.0029,0.0925,-0.008,292.0222,828.2263,4.6147,22.0026,-0.152,0.0755,-0.1849,-2802.0718,-2378.5563,0,resource
48.2967,40.938,0.1467,0.6632,0.0062,2033.7393,1837.7281,5.6849,8.4095,0.0377,-0.0582,-0.0093,385.6617,-231.3547,-23.9121,-9.5723,-0.0199,-0.1345,0.1218,458.6893,70.8999,0,cost
12.5696,23.4614,0.2078,2.7873,0.3738,445.2502,1128.3496,1.4097,-0.004,0.0171,0.8398,0.1479,-26.5745,187.7522,-2.3489,1.3362,0.152,0.1089,0.1281,-5.0294,476.8812,1,network
57.732,31.882,0.1047,0.0268,0,2404.2464,1400.9938,6.0574,8.2223,-0.0862,0.0442,0.0177,532.086,-51.3533,7.7763,-14.1761,-0.045,0.1194,0.1467,541.158,103.2877,0,cost
9.7028,22.8783,0.0339,0.0646,0,3946.8842,4548.485,0.0012,0.0168,-0.0084,0.0075,-0.0034,-0.0083,0.0131,-0.0118,0.0191,-0.0071,0.0199,-0.0003,-0.0113,-0.0035,0,normal
74.3341,76.7085,0.1311,0.9697,0.2295,7985.9031,8893.9888,1.8874,-15.8108,0.051,-0.2999,0.0137,209.2802,-1819.7555,29.3677,3.8479,0.0254,-0.1641,0.1097,-2272.781,-4011.4619,0,resource
25.5316,28.9169,0.3812,0,0.3346,579.1425,486.4285,-4.5675,0.4982,0.0185,-0.0083,-0.0191,137.5107,-51.63,-4.3238,0.2244,0.0834,0.0183,-0.0213,182.2515,-162.9575,1,network
94.663,84.0405,0.2797,0.7623,0.7038,6043.2377,1233.8773,-8.8668,-16.3859,0.0498,-0.3264,-0.2029,-502.9277,264.8788,0.5214,33.276,0.1786,-0.3194,0.0766,-2575.9583,74.6755,0,resource
15.714,21.6993,0.0297,0.0791,0,4428.1708,5042.2019,0.0012,-0.0032,-0.0012,-0.0457,-0.0206,0.0065,-0.0172,-0.0241,0.0542,-0.0373,0.005,0.0274,0.0335,-0.0176,0,normal
86.0292,74.2598,0.1349,1.8986,0.237,7308.1888,5881.6145,-21.4154,-8.9828,0.1222,-0.195,-0.1163,-739.8004,-1486.3007,-2.5068,33.8355,0.1111,0.5626,-0.0094,1662.7878,889.5968,0,resource
30.3898,48.8411,0.8547,2.1257,1.4473,5300.8537,4207.7537,-7.8359,12.426,-0.1285,-0.5966,0.0986,-1099.9545,-624.756,14.4154,18.7626,-0.3988,-0.2735,0.6445,1806.7043,1513.8035,0,timing
10.808,44.247,0.4286,0.5772,1.9445,4773.8658,5714.074,2.6603,-5.7003,-0.1221,-0.1942,-0.4473,278.8422,-770.731,3.4803,10.752,0.0384,-0.3498,0.5628,-2316.5389,-2060.9238,0,pod_crash
43.0574,54.8545,0.6046,1.8545,2.0183,4802.8137,5252.7364,5.3815,5.6824,0.0231,-0.6138,0.0477,763.7381,-391.4601,-2.3307,-12.384,-0.3757,-0.1475,0.5586,-78.4185,983.4775,0,timing
39.8724,76.1307,0.7794,1.9459,0.8059,2087.3554,2685.9697,8.4934,-18.4639,0.1027,-0.1616,0.0007,243.5956,426.5199,-17.4051,25.2792,0.2573,-0.3478,0.2317,-292.9198,-638.1401,0,timing
25.7464,23.6922,0.3906,4.4854,0,389.9344,257.2542,-6.5054,-4.9205,0.0859,0.6713,0.029,-46.5733,48.7179,-4.0621,1.8279,-0.0951,-0.0018,0.0202,164.3316,-23.7557,0,network
54.242,51.82,0.1478,0.4521,0.1714,1997.292,3718.4429,11.9481,-2.3565,-0.0107,-0.0012,0.0412,-144.0575,639.6123,9.7082,-14.2391,0.1666,-0.1627,-0.0454,-358.3225,-1283.5008,0,cost
39.6338,43.6624,0.107,0.2783,0.035,2338.4844,2892.0547,-7.0591,-7.6905,0.0395,-0.0786,-0.0194,-90.3447,703.3789,-0.3183,-12.8102,0.1049,0.214,0.0051,926.6464,1424.1394,0,cost
41.1822,34.5623,0.1289,0.2,0,2560.6944,3157.6234,-0.3384,8.2408,0.0515,-0.0263,-0.002,477.9365,831.4698,-5.4955,6.4796,0.0579,-0.0533,0.1774,539.905,-726.2789,0,cost
23.6655,33.7279,0.6075,0.7813,3.367,4877.8111,5045.8027,4.5919,-6.5489,-0.0904,-0.0811,0.1094,792.2391,-289.0558,-0.514,14.7471,0.1911,0.0962,1.491,-222.3871,261.9491,0,pod_crash
30.5288,27.6366,0.4173,0.2308,2.5806,3768.9926,8862.9482,-5.7901,-3.0961,0.037,0.0602,0.6181,377.1675,-838.6094,6.6402,12.2511,-0.1706,-0.061,-0.412,-1433.1199,-3548.6403,1,pod_crash
95.6646,86.3671,0.0776,0.3485,0.759,3644.7867,5731.4442,-18.4224,22.7693,-0.0648,0.0122,-0.1339,967.6886,-16.3117,-40.8465,-40.2593,0.0271,0.0168,0.2874,-1548.094,-1003.4154,0,resource
11.1491,34.8879,0.4042,4.2033,0.5502,0,944.7616,-2.9147,-6.3556,0.0791,0.157,0.1177,0.0051,-274.4179,1.8905,4.2528,0.2285,1.0746,0.1426,0.0552,445.0144,0,network
25.2688,41.6447,0.1212,0.5728,0.1088,2429.7193,1564.3925,-5.2673,-0.7778,-0.0516,-0.2562,0.0779,-269.3117,-76.2978,9.8732,3.4962,-0.0105,0.2646,-0.0302,-356.8376,160.9568,0,cost
26.9175,45.9438,0.4693,0.4424,1.0928,6599.2848,1928.3255,0.0493,-8.5081,-0.0711,0.042,0.2744,-279.8485,-487.3211,-6.6557,3.8288,0.1137,0.1011,0.1698,2836.7193,-538.4251,0,pod_crash
22.0386,43.9815,0.761,1.3034,1.2591,3251.4034,4529.5897,-0.4753,0.7766,0.2274,0.3331,0.0544,-217.5598,787.2361,-3.893,13.0179,-0.3131,0.6658,-0.2504,966.2158,488.1621,0,timing
32.6158,43.7989,0.1357,0.9942,0.2421,3533.6827,3814.5058,9.4579,-6.5249,-0.0271,0.2844,0.0753,-128.6476,103.175,15.6792,-5.3051,-0.1163,0.3282,-0.0878,-1677.9006,476.0335,0,cost
42.0863,29.4278,0.1648,0.1333,0.1544,3782.5047,3218.4674,11.5107,-5.8929,-0.0062,0.0613,0.0738,-545.9766,7.6619,18.1932,-1.6566,-0.1095,0.0424,0.0852,-712.1985,103.5061,0,cost
26.2333,45.8187,0.4092,2.8018,1.507,4384.7612,5021.7646,-6.286,9.8995,-0.0088,0.7808,-0.0455,1277.6487,-138.6583,9.9267,-9.7795,0.031,-0.7643,0.269,793.5342,1853.9588,0,timing
45.9517,65.7299,0.3333,0.8255,0.3619,2857.7996,5437.0657,-6.0308,11.1659,-0.0337,-0.2486,-0.0547,-820.5817,589.3586,10.4012,-15.7446,-0.0139,-0.2027,-0.1417,1019.9343,-2358.5957,0,timing
6.7529,21.8182,0.737,0.5609,1.6915,2094.8454,8163.9026,0.6794,-1.2644,0.0696,0.0157,-0.3657,171.2021,564.9693,-3.1393,7.8161,-0.015,-0.1698,-0.7599,-773.9329,-569.925,1,pod_crash
40.7881,42.4704,0.1427,0.2748,0.092,2544.0876,3411.2206,-8.8994,-11.7415,-0.009,0.0886,-0.0193,-128.5108,218.4927,10.9913,18.0925,-0.096,0.1183,-0.1468,212.6277,-1009.4187,0,cost
24.7918,23.8211,0.6233,0.5996,2.2614,5759.9193,5942.4141,-5.6991,-0.4751,0.0733,0.0859,0.7,1209.606,926.6406,9.3638,9.1101,-0.2115,0.1023,-0.044,1390.1735,-2765.0214,0,pod_crash
21.5665,25.6779,0.3643,3.987,0.3268,606.2585,342.8249,5.4614,1.1517,0.0406,0.5652,-0.1441,-157.3298,40.5349,-5.0702,11.5882,0.1098,-0.3172,-0.0248,-101.7439,-130.395,1,network
40.4659,63.4186,0.5953,1.3834,0.9516,4087.577,4999.62,-5.8429,-18.3459,0.0379,0.0169,0.1029,-798.8543,1211.535,9.3007,28.9086,-0.2587,0.6773,0.1474,-140.8076,-2196.3838,0,timing
28.8377,23.4261,0.4655,2.778,0.7291,194.6591,397.8558,3.065,-2.5645,0.1181,-0.5662,-0.0676,-51.1938,-57.301,-4.0443,5.8527,0.141,0.2426,-0.4027,-27.3949,-156.966,1,network
71.0964,84.3492,0.2468,1.3808,0.4968,6430.3404,7639.9483,13.1961,-15.9742,0.0274,0.3408,0.0031,-1459.8851,-1342.9695,-0.4535,-7.8276,0.1712,0.0914,-0.2528,1975.3487,-3133.3691,0,resource
15.3949,20.9675,0.0135,0.0971,0,4451.6564,3018.8029,0.0076,-0.0034,-0.0028,-0.0015,0.0226,-0.0037,0.0213,0.0215,0.0228,0.0349,0.0157,0.0076,0.0141,-0.017,0,normal
35.3965,24.0527,0.1711,0.4624,0.0931,2982.4768,3254.9812,-0.3571,4.8707,0.0419,-0.1416,-0.0462,-544.567,19.0592,-14.7431,7.6566,0.2043,-0.0546,-0.0425,778.6509,-86.3909,0,cost
14.4994,30.8199,0.2349,0.259,0.6508,7613.852,6784.4513,-0.8164,8.3593,-0.0395,-0.0456,0.0362,2194.1774,-961.9707,-6.2167,-0.9897,0.0451,-0.0021,0.343,-462.505,2829.9815,0,pod_crash
13.4654,19.3011,0.3175,1.9741,0,611.8161,146.461,-4.0473,0.1763,-0.0593,-0.0764,0.0413,-68.898,19.6992,4.5297,3.9108,-0.1553,0.83,0.0468,116.877,-2.5575,0,network
54.5493,32.5104,0.1407,0.3755,0.2331,2391.8442,4048.0559,1.9658,6.4206,0.0516,0.1819,-0.0212,-191.7942,-339.0931,2.5149,-3.2602,0.0167,-0.0425,0.0531,-878.4618,946.4319,0,cost
46.6934,34.5258,0.1043,0.6875,0.1801,1668.6034,3979.5593,-0.3511,10.1433,-0.0302,-0.0869,0.0503,-275.562,210.5741,18.2979,6.209,-0.1057,-0.2852,0.0522,-758.029,-131.1755,0,cost
49.4203,44.2593,0.4756,1.9058,1.011,5098.0102,3759.7881,-10.0687,6.0517,0.0328,0.3356,-0.32,-1089.742,505.5815,4.3704,19.5966,0.1563,-0.2596,0.3071,-190.1377,-1572.9578,0,timing
71.4383,82.7899,0.1996,1.6255,0.9283,9411.3042,9039.1507,-2.6704,8.3252,-0.041,-0.2988,-0.0888,1616.6098,116.4375,-1.3263,-34.6571,-0.0143,-0.4462,-0.4105,1502.9377,-3221.7624,0,resource
82.4791,94.9292,0.2348,1.5222,0.5866,9761.2656,10277.3854,15.674,19.0325,0.0475,0.0204,0.1165,438.6552,-3048.4331,34.5906,35.5127,-0.155,0.4066,-0.409,820.1075,1651.3438,0,resource
36.9348,41.8285,0.3725,0.4846,3.1043,4035.2921,4149.2532,0.7303,-6.2666,-0.1397,0.1695,-0.3254,163.1632,242.407,3.0195,3.6284,0.2015,-0.0709,-1.3762,-478.601,-276.9849,0,pod_crash
13.5948,29.5609,0.37,4.5627,0.0713,102.9171,118.844,-1.7669,-2.9595,0.0413,0.866,0.0749,29.9348,-4.7272,-1.4981,5.9458,0.0763,0.0448,0.0873,-9.584,-38.4542,1,network
42.2817,51.7344,0.5933,0.4452,0.2121,4650.9216,3408.2142,4.6824,-9.4312,-0.0927,-0.1103,0.0394,-429.9394,-694.5973,0.6538,22.4815,-0.3748,0.0284,-0.0436,-751.4838,-150.7644,1,pod_crash
78.0979,72.7947,0.115,0.4772,0.4288,4969.4402,3749.481,1.7229,20.7384,-0.0251,0.0194,-0.0577,-951.8724,952.5407,-10.8147,27.0381,-0.0078,-0.1554,0.1596,-627.6927,555.391,0,resource
64.3371,85.2805,0.2031,1.561,0.4917,3799.406,5249.8572,5.5753,-20.6537,-0.0249,-0.118,0.0885,-539.5036,-682.6206,-31.08,-19.5308,0.0088,0.4278,0.1924,1431.0368,-2262.4368,0,resource
83.9872,76.8578,0.2565,2.0127,0.7686,5205.3062,4045.0177,-9.3996,-1.1182,-0.0805,-0.2868,0.0671,-605.139,474.5004,34.9155,-20.653,-0.0739,-0.1985,0.3543,139.4366,1471.2655,0,resource
15.3511,41.7834,0.4788,1.955,0.0913,472.4691,368.6193,-3.3138,-7.2555,0.0803,-0.1121,0.0359,135.2863,-16.791,7.6413,-2.2337,-0.1705,-0.5683,0.0409,232.4758,145.0497,1,network
50.4438,49.3313,0.7748,1.5413,1.8886,1538.0577,2141.3976,15.0266,11.9359,0.2423,-0.0599,-0.4835,217.2523,622.4261,11.6169,12.4542,-0.3442,-0.5398,0.8215,-623.9125,-759.2367,0,timing
20.6512,17.2963,0.0202,0.1403,0,3696.041,4075.8851,0.0049,0.0025,0.0306,-0.0226,-0.015,0.0306,0.0094,-0.0343,0.0063,0.0517,-0.0058,-0.0131,0.0123,-0.005,0,normal
81.9974,80.2055,0.2566,0.6027,0.4964,8109.1713,5404.008,20.4536,3.2869,0.0499,0.1148,-0.1041,-1084.7436,-748.3252,21.5276,26.8788,0.2069,0.063,0.0235,-2619.1152,227.7435,0,resource
10.8044,17.6588,0.6981,0.5106,0.4927,8237.057,7864.9527,-3.1883,-2.2026,-0.1386,-0.005,-0.0655,1007.306,988.5214,5.474,3.5446,0.1716,-0.0536,0.0289,-525.7692,-2059.248,0,pod_crash
68.6141,68.7921,0.1906,0.9943,0.1451,3739.5037,6622.5482,11.4186,-16.2515,-0.0434,0.185,0.0665,-968.2105,1454.2503,-20.2088,31.7319,0.0442,-0.0913,-0.0864,-223.0344,2499.7902,0,resource
35.13,25.5251,0.2427,6.0834,0.0362,391.2212,205.2666,-5.1962,0.0935,-0.0357,-0.2477,-0.0349,-49.9206,11.1401,-0.2419,2.5009,-0.0919,-1.9007,-0.0636,-161.4473,5.7783,0,network
8.8001,21.2664,0.0169,0.1156,0,4749.055,3380.697,-0.0009,0.006,-0.0123,-0.0165,0.027,-0.0195,0.0121,-0.0408,-0.04,-0.0042,-0.0091,0.0071,-0.0322,-0.0209,0,normal
20.2421,50.884,0.5137,3.1925,1.9489,4918.9031,3587.1368,5.9888,11.4734,0.2006,0.4387,-0.074,-243.4337,238.971,-2.687,17.3951,0.071,-1.2757,-0.5704,268.8298,-590.6457,0,timing
32.4795,65.4803,0.6488,1.702,1.242,3130.2235,6813.8988,-5.5046,3.1749,-0.0177,-0.2446,0.2971,201.1943,1109.7518,-1.1299,-16.8404,0.0583,-0.4532,-0.4704,1550.4493,2830.2743,0,timing
54.2174,18.7149,0.0674,0.6078,0.2109,3621.8059,2510.0086,7.5559,5.1824,-0.044,0.1203,0.0254,-82.4761,411.4485,7.9319,-2.7642,0.02,-0.1355,-0.0708,350.8206,-933.9067,0,cost
26.1441,26.1645,0.4717,1.2169,0.2501,314.7084,524.2361,-4.4986,-7.0254,0.0071,0.1979,-0.0239,-62.4976,-34.8887,-4.5029,2.6387,-0.1773,0.0587,-0.0059,132.1027,102.5051,0,network
25.5744,14.4826,0.2261,6.5857,0.3287,490.7815,868.6325,0.2488,3.288,0.0845,-1.0566,-0.0207,85.1032,256.6747,9.093,1.8845,0.1953,-0.0081,0.0498,-81.5569,-327.2777,0,network
13.1612,10.8412,0.03,0.0502,0,4248.3441,4807.7318,-0.0275,-0.0053,-0.0124,0.0021,0.0129,-0.0033,-0.0001,-0.0419,0.0277,-0.0184,0.0548,-0.0025,-0.0192,-0.047,0,normal
24.4379,19.8883,0.2729,2.2786,0.1654,221.4636,369.3003,-4.4495,-0.5059,-0.048,-0.4748,0.0228,-57.8504,-84.5654,-2.3025,7.0615,0.1157,0.1985,-0.0593,40.7042,173.9619,1,network
62.3792,44.4007,0.8366,0.9285,1.5939,2513.2758,6451.7529,2.8399,-11.796,-0.0872,-0.2202,0.4607,-68.0319,-1447.1719,-24.9327,13.9279,-0.2051,0.2795,0.8238,-172.5945,-2959.4323,0,timing
41.803,31.2065,0.0981,0.578,0.1491,3334.3641,2845.3243,-8.2916,7.0156,-0.1068,0.0928,-0.0169,433.3445,-367.8216,12.3451,-3.9406,0.0501,0.1665,0.1473,-203.843,1272.3812,0,cost
9.0294,16.4686,0.2906,0.9239,1.8288,4154.1568,9694.7893,0.7949,-1.7701,0.1124,-0.1476,0.446,225.3092,1825.9482,3.2256,5.7597,-0.132,-0.4038,0.9293,-2047.3376,4354.9671,0,pod_crash
15.6259,16.2834,0.3669,5.0474,0.1203,578.1927,904.4495,3.5738,3.807,0.1113,-1.4918,-0.0311,-6.9543,-81.7522,6.9073,-2.6424,-0.068,-0.2369,0.0721,-88.0799,398.109,0,network
17.2142,11.3202,0.0233,0.0503,0,5861.5121,1629.7413,0.0111,0.0204,0.0176,-0.0234,0.0155,-0.0114,-0.028,0.0446,-0.029,0.024,0.0542,0.0023,0.0071,0.0729,0,normal
19.3356,16.4008,0.201,3.0166,0.3674,623.1874,658.9497,1.7427,-3.8417,-0.0438,0.141,0.0223,27.5781,142.0881,-7.9846,2.4215,-0.0865,-0.8305,0.0378,-169.5918,233.2664,0,network
26.6508,15.7037,0.119,0.5166,0.187,3460.0317,2070.5673,-7.8444,3.4558,0.0515,-0.042,-0.0038,649.6909,393.0378,11.8806,-7.5404,-0.0264,-0.1979,0.1305,-1453.8623,-529.1013,0,cost
37.5525,19.7647,0.3853,2.6608,0.9489,3597.1491,6234.9698,6.6655,2.0722,-0.0307,-0.2591,0.1467,-883.1893,1231.0515,1.5632,5.5517,-0.0168,-1.1098,-0.1221,-534.4771,-1491.7857,0,timing
56.0662,30.3208,0.0421,0.3517,0.0858,2544.7208,3549.6645,-4.9345,-4.157,0.0096,0.0788,0.01,-465.0803,781.974,7.6817,3.0069,0.0517,-0.1452,0.0964,706.7569,1643.0092,0,cost
55.3018,50.3133,0.1744,0.5716,0.0859,2196.876,3376.5102,-5.5414,5.4113,0.0395,-0.0938,-0.0732,-161.4972,651.4734,-9.4275,-13.1947,0.0537,-0.3896,0.1654,-419.6369,-716.9822,0,cost
10.9787,28.0801,0.4711,0.3914,1.9965,5310.3298,4234.9333,1.3879,-3.6207,-0.0831,-0.0453,0.1187,-205.0751,-462.3843,3.3956,-9.0204,0.262,-0.3366,0.8268,2004.0691,-447.0997,0,pod_crash
38.8676,50.258,0.6922,2.47,0.7084,5894.7477,4776.0484,0.2289,7.9666,0.2733,0.4283,-0.0034,306.7984,-974.4371,-19.0801,18.5187,-0.151,0.6332,0.1434,-1079.2172,1100.098,0,timing
30.2577,28.3862,0.8149,2.1012,1.6545,5049.2145,5259.3335,6.5798,-6.7828,0.0287,-0.1855,-0.3169,-1091.7684,-213.2504,4.0408,-13.1855,0.3148,-0.2531,-0.7589,-1970.3277,860.7068,0,timing
31.5714,51.7281,0.5105,1.3811,1.0664,4088.2564,2441.4649,8.3637,-6.9336,0.1173,0.0739,0.0377,59.1873,-697.1698,14.6046,15.6436,-0.1724,-0.6555,-0.084,-192.1207,931.117,0,timing
79.4471,88.6058,0.2684,0.8441,0.3337,5259.4512,8010.533,15.0865,8.541,-0.0796,-0.2751,0.0915,-534.9451,358.6411,-30.2689,10.0826,-0.0325,-0.1177,0.0714,370.0409,2213.8423,0,resource
28.7496,24.5062,0.1604,0.0711,0,3931.7498,2305.2178,2.0857,-4.2734,0.0665,0.0661,-0.0434,1078.5769,168.0061,-14.0747,5.8991,0.0831,-0.0254,-0.0233,1838.7524,295.5949,0,cost
61.1422,43.0562,0.0554,0.5812,0.2917,3360.0118,1367.4222,18.2281,0.4914,0.0045,-0.0909,0.0243,361.7111,191.6068,-21.9122,11.6372,0.0957,0.2481,-0.0804,-549.9607,293.2781,0,cost
12.0173,27.1671,0.1203,4.3546,0.2513,555.2414,1219.8364,3.1285,5.47,0.0014,-0.7128,0.0624,-115.1683,-343.5754,0.9657,5.9587,0.1732,-1.7017,0.0386,-92.9067,97.4681,0,network
22.9807,29.5733,0.1105,0.6575,3.9804,6101.8486,4130.6839,-0.5343,-4.8926,0.0043,0.1908,-0.0425,-859.2867,948.3174,8.3462,13.6274,-0.0028,-0.0751,-0.2542,-607.1695,1150.3828,0,pod_crash
57.0191,46.7177,0.5845,3.0062,1.2201,3367.1149,2025.1008,-4.8508,9.8732,0.0151,-0.2644,0.2672,953.8465,204.4105,-14.245,-1.0322,0.0447,-1.1389,0.5221,1435.0551,940.6237,0,timing
20.909,23.5098,0.024,0.0306,0,2985.1792,3773.6327,-0.0166,-0.021,0.0078,0.0078,0.003,-0.0048,0.0162,0.034,0.0136,0.0181,0.0529,-0.0256,0.0032,0.0057,0,normal
31.2542,36.9587,0.0249,0.4614,0.0678,4556.8626,4149.2355,1.827,0.6483,-0.0462,-0.0078,-0.0127,-362.3261,-326.9523,-3.7504,-0.2504,0.0497,0.2246,0.0897,-1174.4964,-533.7426,0,cost
27.437,25.0205,0.3182,3.8212,0.3083,708.3849,902.852,-0.9526,-0.6752,-0.1677,-0.3225,0.0717,-114.5364,-11.622,-11.6087,-1.3022,0.2069,-1.7413,-0.1019,88.8854,314.4683,0,network
92.0539,89.6637,0.2346,2.3059,0.6383,5692.9162,7677.7077,14.2628,5.6939,0.1004,-0.5842,-0.1749,1440.9998,-653.4297,38.0591,-41.7134,0.168,0.9177,0.2309,-497.0967,-3693.2166,0,resource
14.1588,26.3033,0.235,4.9659,0.45,874.234,540.2477,2.7207,-4.1421,0.0741,-0.1951,-0.1631,-106.6022,6.5903,-0.2144,2.3726,0.2313,-2.1544,0.086,120.4449,224.8058,1,network
81.6,64.4756,0.2774,2.881,0.468,4455.2927,1876.4853,-5.0364,-18.3581,0.0241,-0.4803,0.0529,-6.9665,-9.7775,-39.8221,-2.6067,-0.0548,0.814,0.0204,2142.6757,-929.7645,0,resource
27.4147,32.9107,0.272,2.1673,0.1813,821.4148,502.6724,-0.435,-8.9123,-0.0169,-0.1326,0.0441,-130.7983,-76.1719,4.6132,-12.8732,-0.1362,0.4045,0.0237,-401.0277,-225.5727,1,network
15.5147,19.1403,0.2568,4.1722,0.1393,570.0408,578.3499,-4.0996,0.0971,-0.06,-0.3761,-0.0291,-79.0153,-97.8228,-3.6738,8.7257,0.1406,1.3066,-0.0539,-177.4695,8.8521,1,network
12.2153,17.593,0.0146,0.0702,0,2549.2147,5729.5784,0.0129,-0.0163,0.0091,-0.0044,-0.0271,-0.0226,-0.0411,-0.0281,0.0244,-0.0429,-0.0282,0.0072,-0.0107,0.0371,0,normal
33.1404,32.7905,0.2241,0.536,0.1516,3581.1314,3448.9685,4.454,2.1709,0.0706,-0.1069,0.0673,400.7622,-243.0476,-7.8631,6.3994,-0.1239,-0.1191,-0.0553,31.4578,-222.7456,0,cost
64.354,67.631,0.3887,2.1315,1.0864,2220.1765,3703.2368,9.7917,-8.7971,0.0718,-0.1555,0.2863,-160.7628,321.3416,15.8165,-32.4079,0.1581,0.3529,-0.1987,-1057.0336,316.4199,0,timing
75.3726,68.4985,0.2271,0.8332,0.5137,5321.2681,7453.1418,-1.7968,12.0596,-0.0481,-0.0184,-0.1887,1270.7758,42.0691,9.0838,14.1027,0.0152,0.3599,-0.2623,-2461.2085,2336.8556,0,resource
13.5356,11.7964,0.0246,0.0905,0,3281.2047,4616.7181,0.0333,-0.0287,-0.0059,-0.0012,0.0312,-0.0023,-0.0045,-0.0235,-0.0021,0.0009,0.0192,-0.0049,-0.0725,-0.0022,0,normal
49.7983,20.7208,0.5063,2.3559,2.637,4562.0789,4644.605,0.9676,0.4008,-0.1879,0.253,0.0025,-679.2565,39.9071,-6.0155,5.9606,0.2821,-0.4222,-0.6839,-915.8177,406.9392,0,timing
15.3796,16.5656,0.0195,0.1022,0,4501.6728,3662.5225,-0.0143,0.0179,-0.005,0.0341,-0.0113,0.0193,-0.0105,-0.0699,-0.0088,-0.0016,-0.0168,0.0115,-0.0171,0.0239,0,normal
44.6178,27.9631,0.4297,0.562,2.4451,8192.7792,4539.3218,1.4663,4.6265,-0.0263,0.1871,0.5923,-1879.8559,575.8835,-16.6529,13.87,-0.1093,-0.0676,-1.0979,-2534.7168,-1387.9352,0,pod_crash
48.9286,46.9756,0.1009,0.3098,0.2266,4784.8123,2756.9136,-10.1028,9.3446,0.0407,-0.0949,-0.0308,1177.6392,129.7102,2.028,-13.6047,0.0949,0.0457,0.0167,1422.8668,-1100.5736,0,cost
36.6754,32.2416,0.5284,0.7997,2.096,1982.4328,4461.4241,-7.3091,0.7182,-0.057,-0.0877,0.0314,21.7149,-837.2488,3.6444,-14.3625,0.0601,-0.3371,-0.7664,-223.5206,1046.5378,0,pod_crash
58.4009,15.8322,0.0656,0.1923,0.0451,2139.0483,3012.1893,9.18,-0.3739,-0.0725,0.0553,-0.0201,449.7105,623.1224,-25.4548,-4.7609,0.0224,0.0609,0.1026,673.2096,-1233.7114,0,cost
14.4598,16.3026,0,0.0649,0,4703.3058,4122.763,0.0066,-0.0213,-0.0056,-0.0131,-0.053,-0.0114,0.013,0.0116,-0.004,-0.0108,-0.0262,0.0061,0.0395,0.0033,0,normal
28.3286,46.5691,0.5101,1.5811,0.1256,3134.1727,2340.6642,-3.4649,-11.8997,-0.1063,0.054,0.0006,-531.576,-495.0083,10.8578,9.3951,-0.1798,0.7629,-0.0601,-921.4614,815.1869,0,timing
42.7546,37.2543,0.136,0.5446,0.1464,2576.5271,4350.6078,0.9634,-0.1143,0.0592,0.149,0.0553,650.1834,-485.6054,4.3948,-16.2888,0.0057,-0.2058,0.0163,-128.3872,1145.196,0,cost
59.8099,60.2834,0.6106,2.514,1.528,3208.2742,3075.9094,-10.0552,7.6301,-0.1261,0.2289,-0.1331,747.9605,-498.3917,14.0776,9.136,-0.1083,1.2656,-0.4245,295.2133,1046.8695,0,timing
39.806,63.4973,0.4622,1.5497,0.951,5812.2856,5421.6684,-8.8079,-11.3985,0.012,-0.0772,0.0466,-125.0798,-1115.6706,-3.2392,-8.8741,-0.2226,0.7621,0.0218,-2814.9957,-1160.2637,0,timing
24.5218,33.135,0.364,0.9799,0.0243,675.8426,0,-2.8196,2.6023,0.0245,0.2124,-0.0132,118.3627,-0.0193,2.3088,-1.2284,-0.026,-0.3406,0.1502,135.2151,0.031,1,network
85.8075,64.8122,0.2191,1.6093,0,4358.0636,9205.3336,-16.6755,2.3325,0.0131,-0.2471,0.0689,-1168.256,-1145.6623,7.2732,25.0146,0.0315,-0.1059,0.1073,-401.9611,3615.1617,0,resource
79.8276,65.1399,0.1706,1.1535,0,5519.2285,7338.4792,16.1606,-1.6859,0.0932,0.1246,-0.0862,18.712,1584.7627,-22.4621,11.7644,0.002,0.4408,-0.0216,1934.9403,857.4227,0,resource
18.607,16.9014,0.0072,0.0707,0,4293.289,3242.5399,-0.0366,-0.0159,-0.0048,0.0018,0.0081,0.0178,0.0203,0.0342,-0.0133,-0.0292,0.0159,-0.0271,-0.0402,-0.0165,0,normal
106.7306,76.4609,0.1616,0.6933,0.5066,8197.0731,6395.3667,-29.6756,14.0039,0.0988,-0.1904,0.0723,-423.4362,1848.8986,51.478,18.6245,0.046,0.1373,0.0067,2410.9737,-2406.4587,0,resource
8.0172,40.9448,0.3692,0.5783,2.4306,148.7893,6373.3327,-0.336,9.4256,-0.1233,0.081,0.2336,38.738,1662.4027,-0.2441,-5.1877,-0.1939,0.0347,-1.0489,-51.7523,-2573.8761,1,pod_crash
44.8465,45.5421,0.6358,1.6212,0.7969,6754.0439,4916.6717,4.983,0.3288,-0.2673,0.024,-0.0862,-1289.8573,261.7934,3.645,18.2861,-0.325,0.7802,0.0311,2147.4283,2029.7443,0,timing
60.0667,66.7592,0.5708,2.3999,2.8647,7519.6995,1701.4777,5.1582,-11.3603,-0.0918,0.0783,0.5063,-699.2166,163.2537,24.9193,-18.6546,-0.0041,-0.1323,-0.2681,2403.2695,-205.8133,0,timing
26.3677,23.8309,0.4429,3.279,0.2753,0,315.3483,7.3035,-2.9045,0.0335,-0.6638,0.0566,-0.0569,-87.5096,-12.4743,4.1239,0.0548,1.4385,-0.3053,-0.1719,-1.5267,1,network
8.1795,31.9573,0.5346,0.7754,1.1302,7246.3417,5350.5521,2.2306,-9.1035,-0.1108,0.0916,0.0807,-1289.3115,-228.3463,3.4611,9.2492,-0.1077,0.5232,-0.1526,-2520.5353,2409.6192,1,pod_crash
33.1241,19.9775,0.233,2.629,2.1839,3651.5711,4047.9576,-2.9021,-1.4627,0.0906,-0.47,-0.0145,813.6816,-1006.4654,12.6065,7.0453,0.0751,0.1287,0.9162,1215.7381,1550.0787,0,timing
15.8761,39.4727,0.5336,0.3867,2.8708,3727.3468,3855.8348,-0.5823,9.2598,-0.0854,-0.0635,-0.2194,-325.594,123.242,-4.5124,-9.2612,0.0395,-0.0564,1.2877,72.8955,-497.7649,0,pod_crash
29.2747,30.5579,0.5683,0.3919,2.5979,7016.1744,4332.5493,0.6326,-2.1175,-0.0109,0.0261,-0.287,-1707.2835,-617.0161,-0.896,-14.357,-0.3117,-0.1416,-0.9426,-1559.9158,-2016.9967,0,pod_crash
33.1285,31.8099,0.2165,2.7159,0.2341,726.6498,1136.5694,-3.7422,0.6486,0.0263,-0.6326,-0.0709,-57.4128,22.962,3.1952,-12.9443,0.0781,-1.2319,0.0038,284.8487,-561.1326,1,network
12.7721,24.5635,0.3612,3.0178,0.88,447.0772,749.0114,2.5827,3.8246,-0.0631,-0.025,0.0212,-41.4189,-172.0629,-1.7547,4.5679,-0.239,1.3185,0.2556,-70.3689,-143.7404,0,network
21.6123,26.6067,0.3805,0.5703,3.5778,5789.61,8601.4535,-2.4857,-2.7503,0.0827,0.0093,1.1093,991.567,-13.217,10.2226,-5.952,-0.0144,-0.0602,1.2056,988.6744,-2903.981,0,pod_crash
25.8732,23.438,0.1039,0.3818,0.1504,2654.3303,2089.8625,4.6389,5.1544,-0.0087,-0.1148,-0.1287,-28.9818,-438.3422,10.8953,-6.4159,0.0565,0.2752,0.1237,172.3481,560.8637,0,cost
12.087,22.0301,0.0218,0.0844,0,4983.4416,2795.2367,0.0322,0.0077,-0.0111,-0.0024,-0.0238,0.0184,-0.0065,0.026,0.0227,-0.0449,-0.0045,-0.0372,-0.0197,-0.0186,0,normal
41.7706,48.1738,0.4226,0.2854,2.1213,1898.9314,9186.4684,-11.6684,-12.5537,-0.0543,-0.0968,0.0827,-167.1126,2572.9596,-16.0199,-15.1721,0.1518,-0.0622,-0.6247,-533.7996,3819.8717,0,pod_crash
14.8281,21.6585,0.0432,0.0638,0,4442.1014,2973.608,-0.0233,-0.0067,0.0251,0.0122,-0.0343,0.0334,-0.0142,-0.0043,-0.0391,-0.0304,-0.0121,-0.0272,-0.0235,-0.0048,0,normal
31.5055,22.792,0.5103,4.8347,0.4233,0,173.5139,4.0635,-0.7463,0.1545,-1.2091,-0.0376,-0.0287,-22.7905,-14.8128,7.3488,-0.1957,-1.864,0.1985,-0.0457,75.5755,1,network
23.4743,33.8498,0.4447,0.4626,3.1753,4953.2018,3020.0082,-5.4053,3.7255,0.0961,0.0662,0.5381,1076.6,454.0484,5.2682,-16.2291,-0.0331,-0.0755,0.9527,1222.3327,-437.0885,1,pod_crash
41.6558,46.8242,0.6355,1.8383,1.4627,6520.0728,4029.784,-4.94,-8.534,0.1802,0.2882,0.241,685.4814,-626.3356,17.5801,20.5297,0.0839,0.2816,0.4267,-962.7239,1870.0621,0,timing
23.8063,22.5591,0.5943,0.1615,0,976.2983,733.6301,-2.2036,-5.9983,0.1379,-0.1264,0.0202,61.7775,-26.0711,5.0335,1.1386,0.0783,0.1737,0.0295,-356.4147,306.0828,0,network
90.2261,69.2787,0.2466,1.5968,0.1156,6929.9882,9642.0073,11.5577,-13.4303,0.0343,0.4622,0.0286,-669.3776,1124.7832,43.6633,29.0788,-0.2346,0.4488,0.1632,1797.5612,-1423.4613,0,resource
20.4171,33.4288,0.2053,2.1461,1.4683,3911.6409,88.39,1.1562,0.7912,0.0086,0.6001,-0.0353,952.6329,-7.3053,-4.7841,6.0783,-0.0129,-0.1469,-0.2152,-750.5721,41.8599,0,timing
38.9549,27.8954,0.6548,0.4083,2.8085,3352.8944,6659.0788,-6.4738,-5.1813,-0.0394,-0.1479,-0.0823,500.3016,-809.5228,17.0644,3.2246,-0.0576,0.0689,-1.3439,673.3469,-1460.5487,1,pod_crash
90.3059,71.6204,0.1123,1.0478,0.4155,4110.4325,5882.4292,-15.9566,-0.2459,-0.0539,-0.1456,-0.0559,-91.2616,937.8632,-34.6184,-26.8816,0.0195,-0.1697,-0.0288,-1746.1982,-2748.1042,0,resource
26.2692,28.2984,0.4201,0.3432,0,4997.3642,4799.6246,4.011,-7.7844,-0.0972,0.0721,0.1021,1194.3353,-363.9314,10.0155,-4.9498,0.0554,0.0353,-0.1215,2472.8399,-1199.6857,1,pod_crash
6.9179,18.4741,0.5353,2.9463,0.3876,674.7278,500.6673,0.7103,-0.2929,0.06,-0.6835,-0.0918,37.688,103.2207,-0.2119,4.7422,-0.1618,0.0853,0.0523,-323.2448,-225.6998,0,network
3.2432,30.915,0.0212,0.0473,0,3735.5763,4377.4457,0.0079,-0.0018,0.0011,-0.0251,-0.0193,0.0063,-0.0227,-0.0078,0.0273,0.0202,-0.0233,-0.0435,-0.0124,-0.0131,0,normal
33.5763,31.4331,0.5097,0.6384,1.8066,3924.2832,3574.7949,-4.3995,5.0615,-0.1972,-0.0938,-0.4475,-1120.4164,725.7274,-13.6031,5.7233,0.2536,0.0242,-0.5013,-1786.1793,253.9015,0,timing
18.5522,17.1169,0.3279,3.1195,0.7562,706.286,521.451,-1.6853,1.7601,-0.0285,-0.3355,-0.1119,188.3031,133.836,0.5061,0.5507,0.122,0.5122,0.0789,-253.3066,-144.9836,1,network
48.7956,37.2339,0.0686,0.6247,0.0964,3633.3199,2692.3841,11.2172,0.7562,-0.0108,0.038,0.0124,32.2345,-564.6356,-17.5137,-0.8717,0.0188,0.3464,-0.0256,-803.8462,1313.7407,0,cost
21.1921,30.536,0.0119,0.0913,0,5044.7902,6175.6153,-0.0124,-0.004,0.0276,-0.0281,-0.0049,-0.0088,-0.0135,0.0136,0.029,-0.0334,-0.0301,-0.0321,0.0213,-0.0421,0,normal
91.8313,80.8616,0.2377,0.3337,0.2554,4712.5066,4616.6787,-23.8173,23.4825,0.006,0.0382,-0.0943,-843.9092,305.4195,32.3753,5.0519,0.0259,0.2361,0.0147,-1757.8739,919.0836,0,resource
22.7706,19.3646,0.0235,0.0868,0,2325.4691,1640.7713,0.0333,-0.001,-0.0004,-0.0025,-0.0116,0.0291,-0.0251,-0.0425,-0.0432,0.0531,-0.007,0.0609,-0.0147,0.0688,0,normal
13.0614,20.254,0.083,3.8686,0,298.1284,269.7642,-1.869,-4.3609,-0.0277,1.1387,0.0078,86.3325,-2.0763,-1.0559,-4.9207,0.0049,1.0769,0.177,0.5403,-90.202,0,network
9.1831,25.5322,0.0137,0.0673,0,2591.0657,4281.9992,-0.0134,0.0183,0.0061,-0.0265,-0.019,-0.0388,0.0354,0.0553,-0.0176,0.0287,0.0746,0.0074,0.0363,-0.022,0,normal
73.3106,42.331,0.4723,2.8245,0.9889,2710.2633,3534.9999,-10.9884,10.4425,0.0345,-0.3453,0.1,-502.4813,779.0466,1.1745,-12.5134,-0.0981,1.4591,0.36,-100.4032,259.9713,0,timing
10.5281,21.3786,0.0191,0.0856,0,4784.8107,2298.4569,-0.0015,-0.0026,-0.0009,0.0052,-0.0211,0.0028,-0.0218,-0.0026,-0.0409,-0.0128,-0.0708,0.0053,-0.006,0.0225,0,normal
20.4726,23.8777,0.0182,0.0809,0,2800.2302,4034.0113,-0.0376,-0.0137,-0.003,0.0232,-0.0088,-0.0132,0.0302,0.0079,0.0078,-0.0118,-0.0344,0.0027,0.0257,0.0077,0,normal
14.2507,29.0425,0.0178,0.04,0,5540.5763,3893.9669,-0.0158,-0.0207,-0.0182,0.0247,0.013,-0.0032,0.022,-0.0363,0.0446,0.0337,0.0114,0.0206,-0.024,-0.0473,0,normal
21.1686,23.4301,0.6231,4.2535,0.3288,637.546,418.4921,-5.5426,-4.8657,-0.1344,-0.1338,-0.0665,-161.6003,17.5013,-8.0591,-6.8618,0.3222,0.1506,0.143,308.2392,74.1263,1,network
67.2624,55.7828,0.3416,2.2481,1.9617,1889.8584,2930.3236,-1.732,12.1992,-0.1374,-0.4864,-0.3625,-456.316,261.4433,-1.3973,17.6494,0.1546,-0.6472,0.2602,-940.6198,-523.8762,0,timing
32.4062,29.4219,0.5502,0.1164,0.8548,5305.8063,4828.5326,-8.8574,-0.4374,-0.097,0.074,-0.2842,-611.2861,286.8782,7.1466,-5.2598,0.0147,-0.0088,-0.294,-240.0248,-1382.1246,1,pod_crash
24.6072,27.179,0.3474,0.9666,0.5363,501.3225,180.6339,-7.1086,6.4827,0.0047,0.0726,-0.038,146.8455,-47.606,-10.7833,-11.2218,0.0678,0.2812,0.1357,215.921,-9.4067,1,network
94.8956,81.4225,0.2094,0.1532,0.2723,5352.1082,1774.2741,17.3048,-12.656,0.0361,-0.0654,-0.026,-781.753,209.8182,47.1644,33.2257,0.1302,0.1234,-0.051,-439.2269,630.4145,0,resource
21.8554,33.9545,0.2853,5.94,0.5629,385.5072,521.0487,3.8866,-9.8789,-0.0065,-0.014,0.0934,-89.6096,88.1037,5.8202,-4.1484,0.1447,0.8453,-0.2745,-21.9038,-115.0207,0,network
14.1483,20.0003,0.0183,0.1169,0,1655.2173,3609.5063,-0.0042,0.026,-0.0463,0.0192,-0.0253,0.0065,-0.009,0.0248,-0.0133,-0.0132,0.052,0.0177,-0.0495,-0.0355,0,normal
14.4296,15.0628,0.034,0.0451,0,4335.3943,3761.8392,0.0143,-0.0053,0.0139,-0.0126,-0.0094,0.0449,0.0137,-0.0219,-0.04,-0.0028,-0.0382,0.0114,0.0076,-0.0276,0,normal
15.9247,35.3983,0.2007,4.6173,0,981.3969,50.8881,2.6013,-2.6991,0.0189,-0.5798,0.0103,34.7777,-6.4872,-2.1861,-1.478,-0.0673,1.2362,0.0067,167.892,24.7095,1,network
86.5284,82.4765,0.1771,0.5662,0.7834,4813.5957,4141.9406,-20.2183,-17.3493,0.0049,-0.0329,-0.1164,1246.0717,-1236.882,1.686,-15.7912,0.1987,-0.278,-0.2529,-809.8022,-925.9054,0,resource
11.4544,21.6785,0.2643,0.5092,1.3914,1832.9081,4408.6691,3.0806,2.0867,0.0035,-0.1265,0.2449,537.1802,-274.635,2.3519,8.5358,0.051,-0.0688,-0.0305,-249.6924,1210.1327,0,pod_crash
5.1385,22.8017,0.0191,0.044,0,4608.0146,3865.3161,-0.0087,0.0223,0.0057,0.0043,0.0131,-0.0206,-0.0052,-0.0671,0.0208,-0.0387,-0.0173,0.0223,-0.0143,0.0451,0,normal
19.8288,24.3008,0.014,0.0656,0,4611.7498,4717.8029,0.0055,-0.0431,-0.0041,-0.0249,0.0162,0.0089,-0.0151,-0.0567,-0.0569,0.0575,-0.0174,0.0251,-0.0085,0.0057,0,normal
55.3708,52.048,0.6393,1.4167,1.0167,5761.6591,3027.2396,-0.8533,-2.3094,-0.07,0.1962,-0.0013,1057.8674,454.2542,-8.4664,16.9757,0.1141,0.3856,0.0154,1255.3866,-988.0147,0,timing
46.667,34.5055,0.0191,0.482,0,3167.2089,4120.8832,-2.5633,3.7099,0.0192,0.1349,0.0373,854.5777,-89.8621,-22.8708,10.51,-0.07,0.0025,-0.1895,1466.7088,1963.8192,0,cost
32.9389,20.0707,0.1505,4.4656,0.435,894.6543,418.0751,4.9885,-4.3965,-0.0238,0.6386,-0.0695,-233.3702,-29.7723,0.6449,6.1926,-0.0599,0.9997,-0.1817,-311.5023,144.787,0,network
34.7706,22.3153,0.6077,0.7181,1.7076,3235.1461,5080.2301,-7.8456,0.6149,-0.0954,0.1937,-0.1203,-27.7848,-975.6085,-11.4115,-10.4984,-0.3345,-0.0841,0.1923,220.1631,1062.4352,0,pod_crash
7.0274,4.5549,0.2491,2.8318,0.2503,535.166,772.2648,1.5982,-0.165,-0.0183,-0.3553,-0.0018,-23.82,-62.6079,-0.3691,-1.1098,-0.1197,-0.496,0.063,-23.3718,50.8974,0,network
41.1636,31.7659,0.7898,2.0839,1.7276,5088.1123,2420.691,5.9471,7.324,-0.0742,0.4544,0.5059,-562.7207,-700.3699,-4.1561,8.3783,-0.1527,-0.6582,0.0177,-1259.5458,-927.3349,0,timing
15.2723,28.8807,0.2575,1.3357,0.0254,360.4737,354.6892,-2.2538,-4.6293,0.0278,-0.2616,-0.0758,-3.5612,83.1712,2.1929,-5.7345,-0.2068,0.4891,0.0244,128.0862,95.1431,0,network
27.1914,29.3617,0.2328,0.8091,2.8893,7529.1279,5017.8569,-2.1034,-3.2268,-0.0833,0.181,0.5084,1987.4545,16.4803,-6.4546,-4.8513,-0.0158,0.4368,-0.6807,3056.0323,2127.7527,0,pod_crash
33.5596,26.5717,0.4494,0.6428,3.5024,6412.5668,1184.943,-0.1297,3.147,-0.1038,-0.151,-0.7829,1357.0142,-161.4879,9.9214,-5.581,0.0057,-0.1576,1.0915,-694.1679,176.1092,0,pod_crash
29.8372,28.9665,0.4973,0.4933,1.4015,3652.1984,777.8924,0.9657,-3.326,-0.0452,-0.0233,0.2677,253.2018,-173.1317,-4.5761,2.0279,0.2514,-0.0808,-0.3149,-440.3651,-294.4351,0,pod_crash
15.0248,23.1784,0.0219,0.1032,0,3724.9035,2143.3375,-0.0025,-0.0047,-0.0263,0.0026,-0.0041,0.0256,-0.0283,0.0152,0.0003,-0.0727,-0.0651,0.0029,-0.0353,0.0122,0,normal
24.289,53.0213,0.4755,0.6804,1.3404,6808.2488,5538.8747,3.4839,-13.0956,0.0264,-0.1129,0.2857,96.1251,-1106.8574,8.8835,-5.4786,0.1692,-0.1511,0.0525,-385.7626,-1812.7155,0,pod_crash
85.9342,77.7261,0.2274,1.0469,0.4508,684.9609,4741.3111,21.8711,-4.6285,-0.0897,0.2669,0.0166,-119.9133,40.901,13.4317,27.6179,0.184,0.0076,0.0259,96.4514,1794.8125,0,resource
62.7679,45.8825,0,0.3263,0.0757,1795.1123,3142.544,-8.7182,4.6002,0.0571,0.045,0.0046,20.5428,801.126,18.1308,5.0955,-0.0212,-0.1921,-0.0162,588.831,-228.872,0,cost
25.3998,14.3256,0.3538,7.2171,0.1729,517.4735,506.633,-2.3077,-1.0708,-0.0271,0.1825,0.0391,-62.067,-144.9064,-2.5135,6.088,-0.3135,3.5087,0.0993,97.0085,251.3358,0,network
31.5516,34.1345,0.4625,1.4912,0,368.3798,641.6275,-1.4677,-0.1914,0.205,-0.1935,0.0129,53.4775,-61.7331,-9.6473,-14.4477,0.1747,0.5835,0.0335,-152.1539,101.6497,1,network
43.1932,52.0254,0.124,0.3453,0.0388,1486.8195,3157.896,1.0472,2.5447,-0.0203,-0.0222,-0.0114,-285.2385,-539.573,2.2695,20.7853,-0.0453,0.235,-0.0618,448.778,899.3635,0,cost
27.9474,45.7666,0.4648,0.3988,0.943,4477.221,7320.8749,1.6843,0.9193,0.0449,0.0955,-0.1117,527.5925,1028.1973,6.6199,0.8422,0.1997,-0.1989,0.4966,574.5868,-2.1286,0,timing
86.6149,74.57,0.1379,1.2932,0.5959,3468.2492,4552.3114,-12.5275,8.4655,-0.014,-0.1244,-0.1112,-657.3979,-1053.4965,38.8569,33.6686,0.0504,-0.418,0.2445,122.1305,-834.7355,0,resource
79.2548,80.5849,0.2418,1.1416,0.4606,7456.8626,8665.7092,4.1174,-16.7869,0.0662,0.384,0.094,977.7963,-1808.0615,-37.4461,34.9929,-0.0385,0.6003,-0.1367,-330.5594,-1750.8112,0,resource
69.8552,30.9292,0.8997,3.0961,1.3844,3757.5972,3908.7784,1.0991,1.5753,0.1242,-0.728,-0.2539,-304.2546,-821.4769,-12.9951,-0.2369,-0.0339,0.6966,0.5567,789.9232,-1372.988,0,timing
27.2716,33.0474,0.4263,1.4996,0,417.6761,385.175,-1.9531,4.4292,-0.0446,-0.3621,0.0438,-27.5761,60.3193,-6.2348,7.197,-0.3311,-0.5403,0.0198,-154.1996,-43.0754,1,network
73.5251,85.3297,0.2171,1.3229,0.5192,4108.9961,4856.3949,0.5067,22.5207,0.0141,-0.2382,-0.1204,224.8953,289.1255,1.1661,1.0272,0.113,0.5529,-0.1793,1343.6214,560.5821,0,resource
29.1658,23.7942,0.5256,0.633,0,308.9209,411.711,-0.892,2.3016,0.0572,-0.0573,0.0011,48.9755,-34.4089,12.5074,-7.13,0.103,0.0982,0.0659,-23.6294,137.5395,1,network
17.3953,22.5197,0.0324,0.08,0,3638.0497,2645.9356,0.0046,-0.0074,-0.0043,0.0102,-0.0012,0.0038,0.018,-0.0252,-0.0456,-0.0217,0.0096,0.002,0.018,-0.0363,0,normal
49.4808,29.181,0.1005,0.5353,0,3044.5227,3682.7114,-13.7486,-8.1566,-0.0056,0.001,-0.0557,614.9714,304.7007,18.6994,2.3804,-0.062,-0.0831,0.0715,-786.4261,-50.1082,0,cost
38.6531,21.1441,0.1628,1.3985,1.5996,3306.1248,4998.8027,-3.3936,4.0895,0.0032,-0.1893,0.4181,-636.2777,87.743,16.3557,1.6926,0.1048,0.7132,-0.4994,-1066.0631,937.593,0,timing
64.3942,41.1704,0.0877,0.4711,0.2026,2268.8139,3403.7406,-1.5275,-5.9822,-0.0093,-0.0893,-0.1241,-338.3411,880.4641,-29.9766,9.8213,-0.0169,-0.2033,0.0648,-415.9437,221.2146,0,cost
11.4846,29.3316,0.3769,0.6611,3.2707,2727.0663,3787.4758,3.0338,-7.9192,-0.0972,-0.1696,0.812,88.5252,821.1391,3.9783,-13.4569,0.0542,-0.3017,-1.236,-1065.2725,1515.3572,0,pod_crash
16.8611,12.8783,0.0166,0.0436,0,4035.1471,1969.4998,0.0101,-0.0176,0.0111,0.0042,0.0079,-0.002,-0.028,0.0534,0.0153,-0.0023,0.0319,-0.0104,-0.0038,-0.0141,0,normal
34.4148,33.6215,0.5885,0.4516,2.4694,4651.268,1956.2162,-1.6327,7.0791,0.1841,-0.182,-0.7549,-173.155,275.0643,11.3427,-4.8267,-0.2064,0.0752,1.1744,896.3334,456.2475,0,pod_crash
69.4019,39.663,0.4638,0.4054,1.3931,5960.5536,4310.7306,-19.9505,3.64,0.0501,0.0112,0.1069,607.952,553.576,23.9254,16.8515,0.0516,-0.0866,0.1008,-2917.9905,1937.9345,0,timing
76.9773,86.1354,0.2604,0.326,0.3437,9898.7159,8795.3829,4.5025,-9.6476,0.0784,0.1197,-0.0679,2854.9339,-340.4066,-32.4596,-37.6714,0.0013,0.1334,0.0432,-3371.6296,3069.6075,0,resource
46.5104,4.3389,0.7672,2.3535,0.8915,993.493,2815.8897,6.173,0.2394,-0.0207,0.5059,-0.0569,4.006,-89.4791,-5.2038,1.2192,0.1027,0.9614,-0.1735,140.8298,1310.104,0,timing
34.775,17.6192,0.2226,7.0636,0.4705,249.5164,572.7194,-3.8344,-1.732,0.0289,2.0807,-0.1307,6.2989,96.0235,-11.4547,8.2921,-0.0256,-3.3052,-0.0219,-104.6704,160.5784,1,network
38.0951,49.5366,0.5032,1.5382,1.1323,2267.9849,4944.9463,-8.2809,-8.3688,0.1213,-0.0433,0.2909,419.4863,-409.1193,-16.5059,-2.4838,-0.0113,0.4793,-0.3901,-1113.9165,1313.044,0,timing
26.5105,32.7227,0.2009,0.3016,0,2389.2335,6124.7724,4.7193,0.4908,-0.0231,-0.0262,-0.0009,-379.9197,1301.4434,-11.2323,13.9017,-0.1352,-0.0662,-0.0173,-768.647,1117.18,0,cost
22.3074,34.0933,0.3975,0.5344,1.4183,7370.5125,3710.2324,4.1096,9.182,0.1289,-0.181,0.3161,1371.361,563.5052,-1.9994,-5.1499,-0.0834,0.2589,-0.7178,2483.8731,1830.2848,0,pod_crash
26.1196,24.0156,0.3079,3.3246,0.2633,1261.9596,249.983,-0.9557,5.9515,-0.0558,-0.7734,-0.0617,-367.7723,-74.6113,-1.5307,-3.3752,-0.1661,1.5092,0.0762,339.2478,-28.6051,0,network
44.6383,26.9789,0.4613,3.2438,2.1488,2946.1224,6532.3805,0.9615,7.8425,-0.052,0.6717,-0.0287,151.2128,-303.6716,-21.6202,7.4771,0.1306,-0.0847,0.9476,-79.5296,3184.6774,0,timing
48.7655,52.3388,0.6215,1.8629,1.9264,4718.1738,3727.091,7.3924,-14.9368,0.2268,0.441,0.3796,473.5095,777.604,7.7093,-12.1052,0.1707,0.5973,1.0031,-1405.7102,-1745.2362,0,timing
11.4549,18.4795,0.004,0.0421,0,3272.1745,3854.0226,0.0175,-0.0385,-0.0128,0.0035,-0.0052,0.0255,0.0202,-0.0182,-0.0227,0.0828,-0.0178,0.0134,-0.0253,-0.0058,0,normal
27.7994,25.7404,0.3894,0.5625,0.1488,750.6872,432.5373,3.7667,-4.47,0.0665,0.0176,0.0243,144.5416,91.5187,-4.2464,-11.2212,-0.0188,-0.2272,-0.0512,-103.6362,166.0932,0,network
7.6879,22.051,0.0275,0.0841,0,3440.2745,3099.683,0.0069,-0.0005,-0.011,0.0255,-0.0106,-0.0108,-0.0064,0.0009,0.0653,0.0072,-0.0357,0.0013,-0.0176,0.0649,0,normal
68.6714,32.9079,0.1169,0.4558,0,3544.3808,3098.3106,-16.2564,-8.2325,-0.0642,0.1637,-0.0095,-811.1393,197.5197,-22.2114,-3.2093,0.008,0.0828,-0.0716,-1454.6758,1026.7724,0,cost
22.295,31.2343,0.2661,4.7064,0.2189,260.8302,755.2105,-1.6845,1.5514,-0.0569,1.3039,-0.009,-38.1627,-11.8744,5.0586,2.8223,-0.114,-0.0914,-0.0873,-89.718,230.1322,1,network
61.9203,42.6122,0.1512,0.6592,0,4146.2769,1261.53,14.4037,-0.499,0.0088,0.0512,-0.0463,848.7485,-240.381,-8.4775,19.2211,-0.0944,0.0404,0.1569,2058.4452,-621.8692,0,cost
62.9614,60.4452,0.491,2.5704,0.7052,3558.8539,2804.9216,-13.8202,17.9913,-0.0463,0.4488,0.1572,-493.9302,-54.1352,3.7892,-20.8531,0.2811,-0.4061,-0.0427,1587.7611,-192.4256,0,timing
19.3081,18.3707,0.0145,0.1083,0,4348.1087,5476.2899,0.0268,-0.0276,0.0013,-0.0179,0.0145,-0.0069,-0.0168,-0.0173,-0.034,-0.0264,0.008,0.0567,0.0027,0.0592,0,normal
47.5084,37.6156,0.0578,0.3381,0.2824,2506.5286,3734.8128,-8.1091,-2.3442,-0.0392,0.0277,0.1199,397.5193,-713.7735,8.0621,6.0013,0.0403,0.0388,0.0013,773.146,574.2036,0,cost
25.3212,16.5667,0.2131,0.4472,2.1032,3440.4689,5886.3389,3.7706,1.8635,0.0556,0.0109,-0.4942,88.9795,-453.6817,-4.1862,1.8725,0.0517,-0.0885,1.03,745.8799,-2384.8005,0,timing
15.1858,18.806,0.0307,0.0804,0,3390.7393,5149.27,-0.0171,0.0348,0.0125,0.0318,0.0094,0.0089,-0.0291,0.0163,0.005,0.0196,-0.0245,0.0117,-0.0486,-0.0164,0,normal
21.8944,17.2016,0.0236,0.0941,0,5047.8613,4001.1166,0.0032,-0.0124,0.0085,-0.0051,0.0026,-0.0096,0.0403,-0.0116,0.0165,-0.0281,-0.0074,0.0154,-0.0254,0.0063,0,normal
14.8947,29.043,0.3776,4.031,0.1002,490.9236,820.7783,3.2508,-5.4386,0.1269,-0.0318,-0.0151,88.5593,-55.8594,-4.3011,-2.2138,-0.0443,0.9108,-0.1568,-65.365,289.9886,0,network
13.1625,21.0609,0.0145,0.1201,0,3405.9449,1515.7828,0.0064,0.0047,-0.0175,0.0225,-0.0052,-0.031,0.0412,0.0413,-0.0113,0.027,-0.002,-0.0117,0.0107,0.0159,0,normal
15.7398,14.9006,0.3475,3.0372,0.3639,840.5109,648.1321,-2.5738,-2.0006,-0.0765,0.0566,0.0205,-121.9112,-16.682,-4.803,1.5319,-0.0923,0.188,-0.0272,405.121,-16.6116,1,network
47.5326,26.7796,0.6206,0.7332,3.5255,5061.6083,3590.2495,11.0487,5.1427,0.0236,0.108,0.0402,-1221.5531,-937.6769,18.5656,-2.0655,-0.2268,-0.108,-1.6972,2223.485,1139.5827,1,pod_crash
66.5591,35.4164,0.157,0.1743,0.06,2814.0999,4594.4312,2.1267,9.9603,-0.0163,0.0684,-0.0062,-43.5002,278.7168,26.3399,13.3057,0.0684,-0.0399,0.078,169.2475,-1254.6661,0,cost
79.6264,74.7176,0.2502,1.0859,0.6746,8657.8292,7446.7164,18.254,-18.7377,-0.1007,-0.1803,0.138,-21.5751,456.7487,-28.1453,-7.5434,0.0367,0.3193,-0.1058,-2507.0638,1476.7165,0,resource
22.5811,26.6377,0.0251,0.0831,0,5091.9837,4748.7294,-0.0362,0.0051,-0.0302,0.0207,-0.0596,0.023,-0.0049,0.0112,-0.0314,-0.031,0.0137,-0.0376,-0.0092,-0.0141,0,normal
6.9804,20.6989,0.0307,0.0896,0,5174.4398,5517.394,-0.0279,-0.0156,0.0045,0.0117,-0.0088,-0.0348,0.0131,0.0156,-0.0231,-0.0565,0.0308,-0.0077,0.0161,-0.0064,0,normal
103.1782,78.7889,0.1566,0.722,0.139,4736.4621,6246.2349,17.2648,-16.5438,-0.0662,-0.1113,0.0187,-1097.276,884.0295,-39.3287,31.3949,-0.0336,-0.0204,0.074,2018.6167,2242.8263,0,resource
10.2248,15.7038,0,0.0844,0,4212.0503,2656.8614,0.0296,-0.0093,0.0072,0.0169,-0.0034,-0.0226,0.0124,-0.0071,-0.0063,-0.0444,-0.035,0.0392,-0.0149,-0.0222,0,normal
50.9636,24.0081,0.3298,1.4728,0.849,2966.7699,4594.3867,-1.0999,6.7331,-0.0563,-0.4772,0.2668,-735.9927,-767.494,-9.2781,-11.4641,-0.0207,-0.3332,0.2295,65.2203,-755.7891,0,timing
8.702,20.8111,0.023,0.0481,0,3442.2869,4112.2059,0.0338,-0.0027,0.0261,-0.0127,-0.0054,-0.0353,0.0059,-0.0332,-0.0092,-0.0463,0.0098,-0.0023,0.002,-0.0014,0,normal
57.8981,48.2729,0,0.4877,0.0808,2857.2849,2047.8538,15.8285,8.6852,0.0247,0.1053,-0.0152,-397.2619,-574.2212,-7.2473,0.093,-0.1646,-0.0228,0.0265,-145.0167,520.9242,0,cost
68.9683,54.4631,0.1217,0.1043,0,2147.1977,3303.0915,-0.0067,-10.9618,0.0094,0.0344,-0.0144,-111.7145,100.2517,-12.605,-9.6551,0.0116,0.1875,-0.0845,383.6157,1047.2955,0,cost
56.3341,37.0376,0.7811,1.6999,0.3436,1747.5924,3016.3809,-16.4599,5.2307,0.0336,-0.0676,-0.0774,332.2375,126.0822,-14.3264,16.7058,0.434,-0.6146,0.1143,-180.1337,1239.8837,0,timing
20.3742,25.7025,0.0129,0.0946,0,4080.6104,5085.6567,0.0348,-0.0117,-0.0163,0.0072,-0.0003,0.0071,0.0144,-0.0142,-0.0613,0.0573,0.0498,0.0314,-0.0351,0.0183,0,normal
26.3767,35.3462,0.8761,1.1979,1.0098,3984.8569,4090.9608,0.083,-6.7869,0.1858,0.317,0.0372,343.717,428.3774,0.8679,-12.3177,0.1206,-0.417,-0.0852,806.3228,285.4453,0,timing
18.5991,34.4025,0.2691,0.1316,1.5935,5466.4235,3975.6647,-1.6208,-1.7984,-0.114,0.057,0.4209,932.0962,-311.2371,0.1373,-14.1937,0.2228,0.2497,-0.5513,2453.9196,125.4565,0,pod_crash
23.1617,45.3156,0.0828,0.3812,1.0259,3137.7157,0,-1.4896,-4.1811,-0.0341,0.0879,-0.0258,-39.726,-0.0268,11.2173,-6.8114,-0.0595,0.0548,-0.6157,367.292,-0.1031,0,pod_crash
46.1467,29.7802,0.199,0,0.1503,3219.007,3484.793,5.8281,-7.4261,-0.0494,0.0392,0.0635,-910.1549,1007.1944,1.9256,5.8553,0.0837,0.0194,0.1711,662.275,-547.8068,0,cost
25.9995,33.8581,0.6022,1.2003,1.8155,5674.3917,4520.7729,-0.7282,5.8076,-0.1439,-0.165,0.3565,-1136.3882,65.7382,1.3605,-9.8547,0.1935,0.5888,0.1893,-481.1222,-371.139,0,timing
18.6671,20.1721,0.0316,0.0927,0,2544.3518,4373.5635,-0.0084,0.0131,-0.0099,-0.0018,-0.0023,0.033,0.0138,0.0327,0.0016,-0.0076,-0.0028,0.0022,-0.0021,0.0241,0,normal
15.3996,21.785,0.012,0.1389,0,3292.7915,4542.576,0.0227,-0.0014,-0.0019,-0.0302,0.0213,-0.0417,0.0176,0.0189,-0.0055,-0.0251,0.0092,0.0007,-0.0356,-0.036,0,normal
17.4173,23.2568,0.6324,0.3259,0.9095,325.9446,568.9187,4.4968,-5.7033,-0.1025,0.007,-0.0823,-84.337,-103.6706,6.518,-5.436,-0.2962,-0.0028,-0.1162,-145.4719,93.4658,1,network
48.246,48.8972,0.1459,0.2229,0.1594,2826.8244,2836.0998,13.3195,3.9626,-0.0572,-0.0894,0.0246,-339.3554,-325.8885,21.317,4.1055,-0.0266,0.1594,-0.0742,-697.377,-100.5512,0,cost
64.7296,31.7906,0.0636,0.2923,0,3751.4763,2018.7089,18.8055,7.9078,0.0676,0.0585,-0.0905,-507.7421,238.3861,9.3728,-15.6791,-0.0316,0.0509,0.1365,847.4804,370.8264,0,cost
43.7554,32.9338,0.1066,0.0168,0,2205.4846,3626.8062,10.3196,6.1708,-0.0489,-0.0031,-0.0304,-49.8784,-78.2112,-13.1105,-10.4299,0.1152,0.1086,0.0578,805.9855,-812.3479,0,cost
79.6226,65.6565,0.0612,1.4074,0.4109,6381.1005,4678.1682,8.1078,-15.4867,-0.0037,-0.0467,-0.0814,825.5591,482.75,-20.8461,29.8542,-0.0217,-0.4379,-0.0179,-1596.0495,-1584.411,0,resource
11.6631,18.5067,0.0157,0.0763,0,4231.9191,5191.1234,-0.0204,0.0068,0.0069,-0.0081,-0.0101,-0.0054,-0.0035,0.0232,0.0214,-0.0168,-0.0016,0.0092,-0.0276,-0.0213,0,normal
29.283,24.0774,0.4118,0.3611,0.5535,371.724,628.7392,-5.6696,-2.4022,0.1412,-0.1054,-0.1635,31.9488,-39.5992,9.4166,6.7757,0.1572,0.0982,-0.1577,-35.4194,62.9973,1,network
34.0186,46.5236,0.2778,2.3218,1.2824,2332.0974,3135.2503,4.0023,-3.7571,0.0772,-0.557,-0.0603,-279.308,-396.6719,-15.103,-12.9497,0.1394,0.6202,0.0119,1011.7239,-902.9482,0,timing
20.1609,13.0335,0.3012,3.6518,0,1146.143,173.0516,4.6003,2.9195,0.122,0.0731,0.0294,95.6437,-21.3152,2.3631,-3.7184,-0.0939,0.4326,0.0809,-508.4273,-14.2984,0,network
29.3672,18.7105,0.4008,0.1328,1.6918,3842.133,4815.8183,-2.0211,1.2943,0.0218,0.008,0.257,682.7753,1272.2764,4.0611,3.4283,0.1378,0.0042,-0.2427,-1871.1015,1350.2966,0,pod_crash
18.8792,10.0499,0.5347,1.3666,0.2795,794.2887,529.0551,3.645,-2.2574,-0.2689,0.2546,-0.1364,-233.4568,43.5374,-7.2062,-0.626,0.109,-0.0452,-0.1608,-198.1285,8.643,1,network
30.442,24.2091,0.4676,0.2107,1.8209,3177.9273,2982.6756,2.6056,5.3338,-0.0772,0.0005,0.4296,-454.3086,110.0807,-3.7533,-7.9871,-0.0428,0.0848,-0.8221,1242.7856,275.0856,1,pod_crash
17.3712,27.9383,0.0276,0.1286,0,2985.3237,3375.5498,-0.0027,-0.0276,-0.0243,0.0047,0.0128,0.0074,-0.0139,0.0059,0.0162,0.0011,0.0163,-0.0311,-0.0179,0.0316,0,normal
45.1822,56.2876,0.2019,0.5214,0.0237,1716.3822,4108.5002,-7.1788,7.4602,0.0456,-0.0529,0.1627,494.2959,-229.0948,3.8881,17.3998,0.069,0.0719,-0.0242,5.1443,1529.4558,0,cost
15.1406,14.044,0.3269,3.5153,0,846.818,319.236,4.53,0.1215,-0.0637,-0.5216,0.0556,173.0642,64.6231,5.0503,1.972,-0.0199,-0.5819,-0.0371,247.878,-122.6343,0,network
99.5061,70.6034,0.2509,1.2748,0.8271,6513.385,3414.3695,5.3682,10.3909,-0.0309,-0.198,-0.0117,-94.8694,-299.1295,20.8759,-29.528,0.1881,-0.0472,0.3472,-463.585,-0.4964,0,resource
31.9143,27.7151,0.3519,0.4605,2.2092,4454.7034,5435.9669,8.6293,2.5757,0.0223,0.0547,-0.7033,1334.221,641.7832,5.7635,-0.7083,-0.1856,-0.018,0.6832,1933.185,2103.9808,0,pod_crash
13.843,22.4244,0,0.0905,0,4891.7534,4109.3717,-0.0038,-0.0184,-0.0169,-0.0085,0.026,-0.0151,-0.0072,-0.0095,-0.0634,0.0321,-0.045,-0.0613,0.0314,0.0148,0,normal
22.709,32.2913,0.4164,0.4889,2.8723,7426.4011,3919.6079,4.0591,-8.6147,-0.0153,-0.0988,-0.0916,1453.6446,-174.2584,7.3531,-13.5757,0.0461,0.211,0.4561,-1885.6696,1574.5046,1,pod_crash
104.9898,102.7715,0.1642,1.6446,0.6523,11158.1788,8364.5223,-27.7848,-18.1161,0.0674,-0.1933,0.1171,975.8237,-546.2313,33.1617,44.2427,0.0096,0.1492,0.1795,-520.4412,3436.9218,0,resource
10.7055,28.3603,0.3913,2.9123,0.0597,487.4695,631.3221,-0.6615,3.2061,-0.0668,-0.7374,-0.068,27.5331,44.1165,1.7542,-7.1558,-0.1133,0.1599,-0.0534,-8.4951,-18.9343,0,network
58.1979,27.2538,0.0962,0.4771,0.0902,3129.8571,3890.3366,9.6643,5.2385,0.0253,0.1205,-0.0737,-676.3658,-1068.2711,23.7609,-6.8122,-0.0807,0.2298,0.0107,722.9342,926.6079,0,cost
81.0592,91.9712,0.1634,1.7038,0.65,6004.333,4685.1434,15.2755,-8.751,-0.0275,-0.467,-0.0693,-1128.4982,1005.4198,-18.943,-4.3545,0.1129,-0.5891,0.1969,1770.5695,1015.8142,0,resource
36.3221,22.1839,0.548,0.441,1.9809,1716.4927,5826.8415,2.9405,-3.7199,0.1591,0.1296,0.4568,-161.9971,484.3461,-4.5949,-9.3833,-0.0158,0.1632,-0.8601,194.2041,-1594.7721,1,pod_crash
15.4744,19.4714,0.021,0.0646,0,4210.0318,2626.4785,0.0223,-0.0177,-0.0141,-0.003,-0.0202,0.0236,0.0214,0.0253,-0.0127,-0.0034,0.0089,-0.0529,0.0185,0.0183,0,normal
12.5029,14.7715,0.4643,3.8869,0,395.1079,644.4557,-1.5507,4.0481,0.064,-0.0709,0.0892,-101.816,-113.1586,-5.9494,1.2329,-0.4136,1.6259,0.0838,-186.2232,229.6397,1,network
27.1026,55.7556,0.084,0.7102,0.117,3609.6871,3613.5214,0.0371,10.3829,0.0483,-0.0228,-0.1161,599.1331,-96.0055,0.4049,-10.2296,-0.017,0.4421,-0.1128,-681.0529,637.0375,0,cost
95.1569,85.1734,0.3008,1.4969,0.1279,4849.9865,4691.5683,-11.7869,-9.1638,-0.0863,0.3009,0.114,-1252.8574,-1106.4838,36.8156,11.0628,0.1546,-0.2179,0.0104,-1187.3958,-34.3776,0,resource
99.3686,85.3505,0.2162,1.4311,0.5547,6349.9407,4509.8928,-3.1885,25.0065,-0.0049,0.0686,0.0877,-825.5106,-180.4296,9.233,30.7128,0.0262,-0.3847,0.1706,-2974.9053,1988.6967,0,resource
34.3073,36.2095,0.512,0.5655,2.8028,5581.4911,3371.7223,10.2427,7.8982,0.0853,-0.1087,0.7125,-1113.4814,-242.6196,-0.9062,5.9014,0.2114,-0.1892,-0.4077,-1154.617,-1256.5255,0,pod_crash
40.5962,42.3516,0.1715,0.0825,0.2189,2970.539,2473.0374,8.0192,2.5039,0.0735,-0.0292,-0.0333,854.054,-335.6246,9.8219,0.1543,-0.026,0.1736,0.0611,243.7962,279.3918,0,cost
14.689,27.4761,0.346,2.5658,0.0688,377.779,493.8866,-0.0842,-6.1341,0.0622,-0.4192,-0.0455,-40.1133,-101.0326,4.5426,10.2478,0.0218,-0.7559,-0.0464,37.9182,-234.5801,0,network
88.7825,71.0533,0.0419,0.8524,0.2559,5395.3581,754.8419,-23.4072,15.9181,-0.0292,0.1762,0.149,189.8984,-188.916,10.7868,27.3218,-0.049,0.3627,-0.016,771.7575,45.5843,0,resource
42.2471,41.9841,0.0724,0.3543,0.0298,3682.3733,2831.9941,-8.0333,4.8656,0.0349,0.0097,0.0134,961.9812,-346.7127,13.009,-14.4247,-0.0807,-0.3048,0.0716,-1343.8179,-424.3781,0,cost
11.3013,12.1353,0.0118,0.1233,0,4997.499,4252.1668,0.024,0.0151,0.0233,0.0274,0.0006,-0.0016,0.0204,0.0109,0.0003,0.0096,0.0176,0.0318,0.0199,-0.019,0,normal
21.9495,27.5726,0.3376,0,2.1493,3393.8597,3930.2273,3.8672,-8.3114,0.134,0.0086,0.3188,516.4076,-718.3858,3.6265,2.7266,0.1536,-0.0059,-0.7504,1126.5856,909.4798,1,pod_crash
57.8939,47.0315,0.0835,0.4007,0.0322,2768.7373,2974.6373,4.8235,-9.6328,0.015,-0.0344,-0.0484,547.8362,92.3498,-15.34,1.808,-0.0333,0.2334,-0.0817,536.4836,1309.1075,0,cost
23.3533,31.8833,0.3959,3.5091,0.4178,559.5809,218.6326,-4.2105,7.5954,0.1063,0.4664,0.0321,-91.5477,57.1793,-1.0881,6.5792,-0.235,0.8436,0.2631,-92.5051,-30.3077,1,network
51.9026,46.9113,0.1433,0.5283,0,1289.2862,2198.1131,6.2332,-10.3197,0.0126,0.065,0.0644,256.6731,107.0355,1.195,-21.225,0.0917,-0.2605,-0.071,-580.9919,-203.1912,0,cost
17.2121,23.2853,0.0268,0.1336,0,4288.6983,4107.521,0.0031,0.0037,-0.0288,-0.0189,-0.0239,-0.0043,0.0626,0.0384,-0.0278,-0.0081,0.0211,0.0328,-0.0341,-0.0119,0,normal
20.0542,10.9293,0.0177,0.0621,0,3731.9096,4860.3077,-0.0303,0.0035,-0.0262,0.0336,-0.0144,-0.0037,0.0108,-0.0221,-0.0587,0.044,0.0007,0.0085,0.0396,-0.0131,0,normal
90.4726,77.8537,0.2665,1.1766,0.3076,3019.0758,4205.9062,15.4039,-8.6605,0.1085,-0.0546,-0.0074,325.8027,713.8335,-40.4715,7.7868,-0.0759,0.4191,-0.2142,73.0316,-949.4718,0,resource
12.5839,12.3699,0.4671,0.9461,2.8306,6216.3864,2823.9146,2.5748,-2.1055,-0.1016,0.1992,0.3167,1651.0502,292.6299,-4.0312,-1.6407,0.2113,0.0982,-0.7054,-1422.8101,598.054,0,pod_crash
17.3095,28.369,0.0379,0.081,0,4423.0674,4030.0375,-0.0282,-0.0005,0.0179,-0.0315,0.0298,0.0076,0.0087,-0.0189,0.0331,-0.055,-0.0022,0.0373,0.004,-0.0291,0,normal
41.4368,26.421,0.6268,0.6557,1.5414,0,5500.2908,-3.1247,-0.2857,0.0113,0.0106,0.0209,0.0629,-1476.1475,-12.6873,3.8314,-0.3226,0.3478,0.4167,0.0471,-2148.2953,0,pod_crash
47.6144,41.7087,0.0822,0.7912,0.1774,843.3287,3519.1556,-0.1559,-9.0535,0.0305,0.0638,-0.1061,-220.0777,-19.2566,11.0508,-17.4636,0.0354,0.0901,0.0185,83.9293,324.7207,0,cost
21.1968,32.4544,0.4018,1.9945,0,544.2475,167.0314,-3.4229,7.4496,-0.1011,-0.383,-0.0108,-143.8956,0.5618,-1.9697,-5.686,-0.0697,0.752,0.0548,-74.1178,14.2543,0,network
8.9505,25.2612,0.5595,0.3128,0.5727,8243.3227,6448.2292,1.5723,3.4138,-0.0412,0.1005,-0.0057,930.1788,1541.6463,-3.9217,-7.5852,0.1022,-0.0374,-0.0044,2777.8631,-851.1562,0,pod_crash
60.899,42.4699,0.1583,0.7232,0,3963.2961,2519.7013,-18.0092,6.6017,-0.0195,0.0432,0.0044,-529.3685,-440.6527,-4.6774,2.978,-0.0288,-0.2927,0.0078,-1434.9311,-714.099,0,cost
11.5317,16.5946,0.0168,0.0757,0,1565.0785,3511.6506,-0.016,-0.0042,0.018,-0.0136,0.0243,0.0062,0.0126,0.0772,-0.065,-0.0484,-0.0134,-0.005,-0.0461,0.023,0,normal
23.1155,31.6737,0.404,0.6368,2.3325,5552.7216,6523.2584,3.013,-8.2705,0.0298,0.0866,-0.7181,856.5245,214.5936,8.286,-0.1919,-0.1418,0.0968,-0.3286,903.0258,-596.1802,0,pod_crash
18.087,26.5478,0.0197,0.0276,0,4274.1267,4163.596,-0.0128,-0.0156,-0.0143,-0.0189,-0.0159,-0.0098,0.009,-0.023,-0.0083,0.0401,0.0097,-0.0138,-0.0022,-0.0111,0,normal
48.408,58.0249,0.3552,1.784,1.5605,7185.7226,3109.748,-5.1068,-5.0655,-0.0986,0.2314,0.0028,-1263.8427,720.6687,7.3303,-1.1999,0.0823,0.1941,-0.3211,1431.0616,-328.2033,0,timing
19.3918,31.1214,0.6744,0.4705,2.781,4054.8255,6269.8999,5.3975,8.0585,-0.1583,-0.0591,0.4967,-471.0001,-923.276,6.5374,-9.3717,0.2904,-0.2376,-1.3655,-234.0543,-222.9727,1,pod_crash
79.798,83.5413,0.3659,0.9358,0.8969,6309.3346,8659.9137,-22.8481,-12.0698,0.0187,0.243,0.0539,-258.82,2452.406,-5.1152,36.8886,0.1397,-0.4495,0.2649,2810.4428,1408.9276,0,resource
12.9928,19.0281,0.3104,1.0508,0.3791,428.3526,945.9993,-2.5998,2.6199,-0.0573,-0.2888,0.0781,-114.9067,23.9783,5.4552,7.7309,-0.0003,-0.2685,-0.0886,72.3982,210.8137,0,network
44.1203,19.2588,0.3648,2.2241,1.7284,2969.9264,4249.143,12.4615,-4.41,-0.0609,-0.2397,-0.1542,-741.4175,559.6202,14.3128,-8.7983,0.0437,-0.5193,-0.0157,-1398.5893,1397.1496,0,timing
25.654,44.8724,0.647,1.252,2.0898,1708.6877,2328.7717,6.4135,6.1672,0.147,-0.243,-0.2639,414.6617,-20.1309,3.1167,0.8678,-0.1339,-0.4761,0.9233,83.0982,-592.9066,0,timing
51.9038,42.6732,0.4458,0.8587,2.1752,4204.2393,6334.9467,-10.7881,-7.0886,-0.008,-0.0022,0.4334,-433.863,842.2865,-20.6485,0.6075,0.1836,-0.2986,0.0563,699.6599,-2168.1607,0,timing
12.2501,15.9168,0.0127,0.1002,0,3026.2274,1775.3797,0.0394,0.0178,0.0152,-0.0108,-0.01,0.0277,-0.0277,-0.0104,0.0279,0.0055,0.0199,-0.0479,-0.0092,0.0209,0,normal
82.7317,63.4586,0.2211,1.4854,1.0619,5272.4778,6178.6583,21.9542,-9.4629,0.0459,0.1227,0.2995,378.5339,657.6322,6.795,-6.6685,0.1397,-0.7071,-0.1466,-1376.2987,-918.1664,0,resource
9.2525,32.0046,0.3243,1.6527,0.24,349.0854,43.2137,0.2571,-4.0959,-0.032,-0.3115,-0.0163,39.5705,-8.1579,4.0249,13.0411,0.0929,-0.0025,0.0516,-15.5914,13.0553,0,network
39.6593,48.2606,0.3439,2.6194,0.817,6957.0211,5456.6626,-6.441,3.0279,0.0423,0.116,0.2473,565.5367,-16.605,-14.0712,17.0769,-0.1401,0.4073,0.3945,3098.6865,-971.2063,0,timing
15.2946,30.7156,0.5764,0.6935,2.6916,5299.0475,6771.6848,-0.2929,-1.7767,0.0388,0.0359,-0.381,-281.9069,1591.0413,1.2147,-8.7433,-0.2219,0.0092,1.1548,68.3684,3339.0469,1,pod_crash
25.4679,27.1438,0.0507,0.0901,0,5363.0248,4316.8925,0.0205,0.0075,-0.0243,-0.0279,0.0092,-0.0065,0.0273,0.0301,-0.0112,0.0259,-0.0222,-0.0237,-0.058,-0.0633,0,normal
8.2105,38.9459,0.3504,0.5012,1.4182,5443.3565,6164.7863,1.2877,10.9933,-0.0283,-0.0819,-0.0902,-759.4227,-1297.5632,-1.6229,-19.149,-0.0691,-0.1527,-0.1875,-703.4337,-1054.1573,1,pod_crash
47.8515,41.1192,0.5467,1.2333,2.7876,3908.9225,5454.1259,1.7,3.6481,0.0443,0.3006,0.6614,-484.2266,642.3043,-18.3844,2.4738,-0.154,-0.3394,1.256,-1442.557,-230.2457,0,timing
53.0183,27.0049,0.1127,0.641,0.0387,1641.4583,1151.5945,14.1782,1.7106,0.0449,0.1077,-0.0421,439.6365,-119.0598,26.2486,1.0036,-0.0073,-0.204,0.0565,-289.9097,263.5844,0,cost
66.1066,71.3292,0.1839,1.7939,0.5166,8464.546,6753.3737,-18.7979,9.0066,0.099,-0.0611,0.0464,-2479.8399,852.7012,-9.1791,14.8582,-0.0668,-0.8975,-0.2848,4162.7953,190.0353,0,resource
48.2853,31.8939,0.0862,0.8529,0,1924.1014,1931.604,9.1876,0.3257,-0.0105,-0.2774,-0.1202,-502.4462,-210.4321,18.0948,9.1402,-0.0288,0.2628,0.0327,501.9687,309.3081,0,cost
71.4798,64.3242,0.2302,1.4571,0.9784,8191.7093,4550.3373,8.8934,-17.1644,0.1056,0.4711,-0.0825,-23.068,501.0485,-0.8597,25.6985,0.1782,0.5279,0.2846,-2694.5204,-1573.0736,0,resource
15.3907,25.6285,0.0325,0.0658,0,3040.8289,5043.1235,-0.015,0.0327,0.0337,-0.0322,0.0141,0.0151,-0.0137,-0.0118,-0.0072,0.0094,-0.0012,-0.0297,-0.0158,0.0269,0,normal
44.4641,16.4718,0.1394,0.3709,0.0815,2097.354,2289.7232,12.0122,2.8613,-0.0201,-0.0896,-0.0329,326.4305,324.1144,5.5422,-1.6783,-0.0096,-0.0754,0.0639,-272.021,-950.7486,0,cost
48.3178,66.5371,0.2617,0.8097,1.502,3766.0278,5367.5012,10.012,-3.6721,0.0242,0.1732,0.394,-200.4077,-1171.0364,4.0956,21.5061,0.0927,-0.2819,0.3131,1102.7291,2005.2409,0,timing
51.7153,31.9935,0.0671,0.3691,0,3321.6313,2801.5334,-13.7539,-1.6293,-0.0075,-0.0918,-0.0607,634.2381,605.0293,-17.1776,6.7727,0.0537,0.1386,-0.0339,-486.2927,1218.2921,0,cost
98.8071,78.8474,0.148,1.8168,0.8123,7065.1563,4987.6524,-3.6866,23.0804,0.0176,0.4448,-0.2037,-377.166,1215.7567,30.6746,-3.5221,-0.076,-0.3185,0.2073,-1144.1916,-2467.9219,0,resource
64.5673,67.2737,0.2564,2.112,1.2946,741.2529,3610.5379,11.0746,-15.1164,-0.1536,0.2074,-0.3918,110.0767,793.7675,-15.8658,6.9748,-0.0853,0.7587,0.5373,-114.1642,1116.4667,0,timing
88.0275,63.9437,0.1787,0.9029,0.6661,9688.2792,3624.0476,-10.9344,5.6397,-0.0646,0.1684,-0.0055,510.2419,632.1451,27.4747,29.5769,0.0966,-0.1491,0.0647,-591.1157,-1726.9256,0,resource
17.1337,31.1491,0.2235,0.7738,1.3762,6391.7853,5761.0814,1.3631,-7.0336,-0.0041,-0.0347,0.3181,-1206.0984,583.527,-1.0716,0.9046,0.0401,-0.1679,0.4986,2725.5427,-2600.4529,1,pod_crash
11.2712,28.9313,0.0166,0.1345,0,4549.6574,3809.6834,0.0043,0.0164,0.0282,-0.0274,0.0365,0.0019,-0.012,-0.0009,0.0318,0.0008,0.0239,-0.0237,0.0364,0.0457,0,normal
18.8023,39.4521,0.3377,0.4664,3.2642,5434.1719,6683.7103,-3.917,-3.9468,-0.123,0.0134,-0.127,1289.3258,-1981.475,3.8816,-14.0622,0.0885,-0.0565,-0.0355,-1307.2438,-2687.2094,1,pod_crash
39.477,15.153,0.2926,0.6685,1.2562,6167.7603,5933.1929,-7.4084,0.7626,-0.0338,0.0624,0.0342,1497.5356,916.7023,14.9719,-4.8448,0.1138,-0.1305,-0.5087,-1133.2368,-780.4561,1,pod_crash
88.7836,60.7382,0.3053,0.7938,0.4333,5074.4331,5714.1272,-17.6265,5.4641,-0.071,-0.0764,0.0213,-1217.4963,-1281.1,-18.5801,11.4826,-0.0798,0.3856,-0.072,1140.5727,-628.769,0,resource
32.2152,60.6128,0.2915,0.6387,2.9714,6084.4124,4805.7069,6.3594,11.8588,-0.0963,0.0722,-0.5893,618.1612,977.9156,-3.6923,28.6646,-0.1268,0.1652,1.3817,127.1123,40.8051,0,pod_crash
21.6672,26.306,0.242,4.2897,0.4411,543.4838,540.1852,-0.9719,0.6506,0.0342,-1.1186,-0.0412,88.0777,82.5071,-9.7982,-0.8524,0.0844,-0.3391,-0.0642,5.4154,-131.662,1,network
27.0877,21.2619,0.4013,4.865,0,957.003,969.2068,8.104,0.1825,0.0998,-1.1405,-0.0193,-103.8229,63.1586,9.0573,10.5093,0.0385,-0.7684,0.1037,150.5095,-75.188,1,network
19.4841,25.8194,0.0296,0.0655,0,3661.5593,4024.1023,0.0321,0.0058,0.0135,-0.0294,0.0028,0.0031,0.0205,-0.0034,0.0106,0.066,-0.0578,-0.0529,-0.0449,0.0325,0,normal
87.4279,88.1325,0.2314,0.4715,0.4052,5403.0001,6833.1225,-20.434,12.7156,-0.0083,0.0533,0.2058,860.312,-1466.0325,-11.3244,28.2959,-0.0229,0.3023,0.0891,-2067.9813,1650.0159,0,resource
55.8603,43.1549,0.1921,0.1492,0.0401,2239.7874,3308.8012,5.5385,-4.7183,0.029,-0.0224,-0.0156,360.7082,217.8741,3.9094,7.18,0.0583,0.0097,0.0277,-264.0238,-988.6587,0,cost
94.1218,94.2073,0.0907,0.5541,0.5803,6417.8638,8285.9684,-7.4242,18.5483,-0.0234,0.2043,-0.0976,-1062.8939,-1869.2092,16.4992,15.0951,-0.0677,-0.3542,0.1907,-2459.7839,2029.3421,0,resource
48.4068,61.6373,0.4786,1.2908,1.4168,3447.9972,4647.2953,13.3307,14.9673,0.0663,-0.0152,-0.2862,-425.777,-1030.7826,7.1241,-16.4634,-0.0705,0.3315,-0.5629,726.1675,-390.7265,0,timing
32.248,5.4518,0.4236,4.3984,0.065,445.1465,762.3246,-1.082,0.4687,0.0135,1.0723,-0.1143,58.4161,174.3646,-3.6057,-1.4407,-0.1826,1.5307,0.0714,-174.4432,-183.956,1,network
42.602,44.1008,0.5349,1.1262,2.1736,4510.7304,8065.4472,-5.8213,-7.0212,0.1839,0.2524,0.1023,798.9098,-618.6271,-4.3934,2.089,-0.0538,-0.2647,-0.271,1500.1938,796.5826,0,timing
57.262,27.2621,0.107,0.2817,0.2804,1855.2569,3211.703,-8.9911,-5.544,0.052,0.1277,0.0305,59.3963,294.9607,24.9234,5.5863,-0.1547,-0.0529,-0.184,-290.2905,-1493.6787,0,cost
35.59,19.9034,0.5489,0.3952,2.1189,4065.5687,7482.9651,3.7426,5.0342,0.0647,0.0479,0.652,26.6525,420.6117,9.1593,1.2273,0.092,-0.046,0.1503,-1480.5218,3203.4058,1,pod_crash
44.013,36.0554,0.0915,0.3561,0.02,2828.0874,1014.2907,-10.4267,-5.7796,-0.0539,0.0881,-0.066,151.2038,-209.5202,8.2747,-16.7195,0.0717,-0.0011,-0.0123,1204.9575,233.7813,0,cost
48.6548,21.6343,0.0857,0.3371,0.242,4003.533,2100.2341,4.4124,4.371,0.0047,-0.2121,-0.0203,814.6709,500.421,-17.7298,-3.2938,-0.0532,0.1532,-0.0694,-1592.1381,-827.182,0,cost
33.4729,28.7159,0.5835,0.7827,0.9273,6232.9367,3521.7512,6.7953,-6.1401,-0.0809,0.0854,-0.186,838.3315,719.3467,-15.639,-11.3967,0.0375,0.1326,0.637,1345.4262,225.5872,0,pod_crash
15.3132,20.2106,0.0264,0.091,0,5515.4414,2813.2366,-0.0046,0.007,0.0298,-0.0443,-0.0213,0.0131,0.0034,-0.0101,-0.0625,0.0309,-0.0229,-0.0188,-0.0019,0.0165,0,normal
42.8149,25.4833,0.6589,0.6726,3.0493,4268.4304,7369.3765,6.3584,-0.0824,-0.1122,-0.1284,0.914,862.8541,-1868.3075,-13.2037,12.5134,0.2862,-0.0415,1.2197,863.8442,-899.0149,0,pod_crash
12.0329,29.0494,0.3639,5.3067,0,586.6583,432.8068,2.3788,-1.1007,0.0092,-1.1537,0.0527,123.3152,-15.1342,-4.022,-7.0467,0.0196,0.6569,0.0268,47.8258,157.9904,0,network
94.2132,88.5269,0.2067,0.8185,0.1858,9168.408,6373.5181,-11.235,-15.9457,-0.0261,0.0371,-0.0689,2665.1928,1657.1775,-5.0636,10.0374,0.0246,-0.2276,-0.1193,3345.9594,1160.8549,0,resource
15.3977,27.0277,0.5241,0.533,1.585,5358.2012,5327.0567,1.6663,5.794,0.0063,-0.1915,0.388,1480.1923,-375.8065,-0.1385,-6.9003,0.2035,0.1917,-0.0827,-799.6573,2021.0547,0,pod_crash
19.5059,17.5889,0.2262,3.7424,0,460.764,433.1188,1.1477,3.0533,-0.0175,0.1756,-0.0388,-40.784,84.6433,8.2325,-5.6396,-0.1215,-0.1145,0.0713,19.9145,172.6728,1,network
84.5422,72.6918,0.1578,1.5477,0.6501,2716.4078,10075.0404,-9.9643,-4.3259,0.0495,0.0516,0.1587,-436.5232,709.5745,-26.7403,17.7627,0.2077,0.0672,-0.0728,466.7142,-2131.8082,0,resource
69.8973,38.5289,0.1464,0.2122,0,3546.8126,2921.4922,-16.3568,2.4516,-0.0328,-0.0339,0.039,-472.7405,661.0058,-34.2847,-17.1926,-0.0121,-0.0372,-0.0068,-963.2716,486.0582,0,cost
33.6268,20.0861,0.3387,0.7563,1.6614,3587.2826,2721.6737,3.0862,-5.2986,-0.018,-0.1873,0.2864,-750.7859,-616.8874,3.7794,-8.0256,0.0477,-0.0961,0.3496,678.6473,473.1973,1,pod_crash
16.6988,26.245,0.2802,3.4734,0.0544,782.1686,922.5319,-0.3595,7.7915,-0.0097,-0.2841,0.0378,209.7849,168.292,-7.9087,6.0091,-0.101,-0.6234,-0.0308,-330.2174,-6.0528,1,network
20.8803,26.1409,0.326,0.2798,2.1977,2332.1124,6765.7138,-4.3674,3.5552,-0.1286,0.1283,-0.0814,-432.8165,-1671.2776,-7.7635,11.1718,0.0001,0.1756,-0.491,-552.7343,-2662.3628,0,pod_crash
38.51,46.1974,0.4958,1.839,1.7643,5269.1198,5791.5895,-6.5526,7.6093,0.024,-0.5091,0.3152,-1077.1395,619.6439,-12.9414,22.0297,0.2671,0.1715,-0.2186,-419.5897,-2572.1408,0,timing
47.1398,20.7068,0.0921,0,0.0676,4676.5995,3869.3066,11.4654,3.0492,-0.0978,0.0657,0.0412,-760.5425,177.2571,22.6143,-9.2906,-0.1071,-0.0396,-0.0903,-46.5017,-1640.2481,0,cost
22.3632,25.3542,0.266,3.1689,0.7779,615.5017,210.2335,4.5815,-4.6423,-0.058,-0.2853,0.1375,-171.6925,-22.9727,5.2828,-8.658,-0.02,-0.2905,0.1227,-132.8085,-69.2584,1,network
53.2415,20.1045,0.0822,0.6883,0.0318,3703.0356,2308.8729,0.4907,-4.7606,-0.0083,0.0884,0.0617,-390.6353,487.1738,4.7157,-6.989,0.0929,0.1141,0.0304,-1051.8609,29.7357,0,cost
33.094,43.0154,0.515,2.516,1.3848,200.4345,2903.1539,8.6752,1.8914,-0.0849,0.5933,-0.2405,-50.7017,-772.2494,14.0792,8.7389,-0.0381,-0.8345,-0.6975,-70.1801,200.0662,0,timing
40.1234,34.5733,0.0478,0.2628,0.0812,2749.2407,1706.4768,-8.6313,5.714,0.0237,0.0047,0.0654,-702.0622,-8.3887,14.1606,15.2744,0.027,0.0483,0.0516,465.9269,-777.7622,0,cost
93.2741,71.9869,0.0986,0.4532,0.5757,4408.131,5453.5738,-0.7133,-7.2216,0.0458,0.1306,0.1196,-265.0492,-1239.1446,-15.0415,-13.6334,0.0187,0.0117,-0.0471,2053.1321,-639.896,0,resource
5.7358,20.7086,0.0287,0.0639,0,1575.0672,3948.1573,-0.0163,0.0239,-0.0185,0.007,0.0052,-0.0072,0.021,0.0124,0.0411,0.0685,-0.0026,-0.0424,-0.0066,0.0285,0,normal
64.205,17.7829,0.2296,0.3028,0.1874,2407.4543,1519.9279,8.3248,-2.094,-0.0471,0.0047,-0.0064,-313.0026,45.9746,-18.2366,-2.3756,-0.0343,-0.0183,0.0513,-527.1991,290.3995,0,cost
49.7355,20.7935,0.2275,2.5375,1.2079,2026.9353,5379.4318,6.3737,-4.7323,0.0644,-0.6846,0.3766,-19.2683,-1248.0654,-12.8447,-8.7517,0.0072,-1.2257,-0.3063,596.9947,326.0272,0,timing
22.8456,25.6504,0.3438,4.108,0.3648,561.6917,469.6155,6.1184,1.1398,0.0328,0.7986,0.003,3.7892,-132.9338,2.0806,11.2569,-0.0168,0.6621,-0.0379,185.7604,-53.9876,1,network
14.2077,20.5132,0.0316,0.1107,0,4490.7429,3915.6179,-0.0052,-0.02,-0.0175,-0.0058,-0.0243,0.0019,0.0456,0.047,0.0086,-0.0056,0.0251,-0.0162,-0.009,-0.0268,0,normal
37.4378,23.451,0.3892,0.5362,0.762,4169.855,1649.7029,-0.5112,6.044,0.0412,-0.0609,-0.1884,-447.4775,-47.0996,18.5239,-5.2898,-0.0935,-0.1735,0.3045,820.7292,-530.7344,1,pod_crash
34.8426,33.1382,0.0052,0.5283,0.1825,3426.2205,2364.837,-0.8531,8.7374,0.0472,-0.125,-0.1033,-312.3216,-669.1257,2.2856,3.4576,0.072,0.0047,-0.0152,1352.7419,405.5934,0,cost
50.0336,15.9579,0.2154,2.8939,1.8275,4803.5821,3818.2693,-8.2395,1.8722,0.0348,0.0275,-0.0472,-359.4189,-135.4752,-16.9435,-4.7305,-0.0681,-1.1727,1.0508,-1391.5862,-1394.303,0,timing
21.4943,18.217,0.0196,0.0438,0,3685.4515,1730.4546,0.0073,-0.0158,0.0007,0.005,0.0321,0.0158,0.0078,-0.015,-0.0166,-0.0433,0.0195,-0.0021,0.0549,0.0264,0,normal
51.8204,37.8481,0.0585,0.5835,0.1965,4514.8388,3149.2842,14.5014,0.1202,-0.0265,0.2191,-0.0376,1150.7849,-862.6073,17.0198,-9.534,-0.0617,0.1827,-0.0186,1739.2499,-97.9697,0,cost
87.7801,87.7379,0.2968,0.913,0.8655,8962.3928,6478.2602,-3.7453,22.4017,0.0641,0.1069,0.2657,1299.54,505.1579,-31.8841,-31.9157,-0.1059,-0.1617,0.1277,-3774.3864,-2081.3312,0,resource
11.1461,15.5534,0.2849,0.6283,1.5604,1636.0035,6284.5098,-3.1024,0.311,0.0019,0.0522,0.1692,349.6633,-282.786,4.6054,6.4307,-0.0936,0.0009,-0.2476,806.802,89.7518,1,pod_crash
30.0723,31.0941,0.4917,4.0856,0.2367,471.5066,961.1237,-0.2398,-4.3156,-0.0859,0.2541,-0.0497,-56.9941,-166.024,-14.6258,-14.9211,-0.2006,-0.2504,-0.1641,-200.8261,-467.9667,1,network
22.0073,17.8288,0.0289,0.0515,0,3187.322,4441.3398,0.0102,0.0259,-0.0219,-0.0002,0.0039,-0.0108,-0.0047,0.0076,-0.0324,0.0419,-0.0316,-0.0257,-0.0021,0.0084,0,normal
89.7158,75.4341,0.2488,1.6337,0.4347,4296.3589,8043.7013,-10.5401,1.5517,-0.0655,-0.1865,-0.1132,-47.0442,-1224.321,-43.6925,31.5029,0.0661,-0.6717,0.0369,-8.6677,3247.84,0,resource
20.2507,22.0973,0.0049,0.0964,0,5430.9814,2684.1088,-0.0085,-0.005,-0.0366,0.0001,0.0236,-0.0147,0.0431,0.0851,0.0535,-0.0702,-0.0664,0.0551,0.02,0.0007,0,normal
17.2216,33.7418,0.5483,0.4301,1.5549,3255.0954,6470.2262,5.0252,-1.3053,0.1455,-0.0002,0.2892,-626.0716,-1658.2196,0.4036,4.9251,0.1764,0.1733,0.4614,-1453.8866,-987.7678,0,pod_crash
94.9375,77.8522,0.3533,0.9897,0.1534,6925.7031,8397.6364,12.9353,-14.2686,-0.0248,-0.0098,0.0369,289.5437,-165.5126,22.212,-9.2024,-0.056,-0.1906,0.0206,612.1223,800.3405,0,resource
18.4224,17.2105,0.0193,0.0952,0,2770.8656,2960.8723,0.0008,-0.0214,-0.0348,0.0274,0.0076,0.0008,0.0226,-0.0463,0.0071,-0.003,-0.0501,-0.0157,0.0303,-0.0384,0,normal
49.9944,36.4532,0.1094,0.3723,0.1562,2466.7517,2655.1597,4.8528,-7.4615,-0.0616,0.1303,0.0673,13.7599,413.8657,-14.643,-15.3198,-0.0551,0.0645,-0.0165,-162.5826,-1252.5769,0,cost
20.2778,22.5184,0.3608,2.554,0,402.7917,578.135,0.1581,-3.2689,0.0272,-0.6114,-0.0505,37.3964,-167.6399,7.4653,5.3356,-0.0981,0.9954,-0.0746,27.1091,65.0098,0,network
6.5836,16.0994,0.0145,0.0652,0,3989.5013,4262.1956,-0.0072,-0.011,0.0049,-0.0126,-0.0185,-0.0133,-0.0359,0.0484,0.016,-0.0069,-0.0247,0.0149,-0.0233,0.0224,0,normal
25.3547,27.4074,0.3061,3.0784,0.212,417.3527,187.2987,-0.1733,2.6049,-0.0254,-0.0622,-0.0824,-2.1193,43.3421,-4.9943,0.4197,0.1428,0.0006,0.0998,30.0684,14.8624,0,network
36.7744,55.4439,0.3742,2.4941,0.8001,1987.6504,3877.4943,-2.8547,13.1944,0.1186,0.2634,-0.2792,192.5482,-1095.7059,-6.07,7.2044,0.1695,0.3621,0.1339,-830.7489,116.5866,0,timing
52.2062,40.3068,0.4171,1.5225,2.7809,3069.8525,5274.5788,-2.8443,-9.5357,-0.0338,-0.1787,-0.4765,-768.8715,-974.2726,-6.271,-9.388,-0.1645,-0.29,-1.1242,-1425.482,1468.1325,0,timing
19.4349,43.7468,1.01,1.3475,1.2724,5782.5975,3189.4546,-4.0605,-0.9408,0.1056,0.179,-0.3065,957.9642,-922.2555,-4.7283,-0.726,-0.2106,-0.5383,0.0105,2497.6034,-385.7086,0,timing
38.4863,42.1795,0.4823,2.6139,1.193,5097.015,2944.6483,8.0491,12.158,0.0605,-0.4753,-0.2103,955.3774,684.5036,8.7632,-12.2272,-0.3064,0.8384,0.1619,2406.164,-581.8304,0,timing
14.8077,21.4338,0.0195,0.0915,0,4742.2384,3286.0,-0.0095,0.0129,0.0106,0.0215,-0.0224,-0.0011,0.0069,0.0328,0.0173,0.0404,0.0337,0.0103,0.0169,-0.0356,0,normal
22.4605,31.3149,0.021,0.0831,0,4883.1154,2407.4224,-0.0072,-0.0246,-0.024,-0.0332,0.0122,-0.0199,-0.0238,0.0448,-0.0145,0.0223,-0.0437,-0.0127,-0.0096,0.0384,0,normal
60.8104,51.8485,0.151,0.4664,0.0536,2312.4145,3530.2519,3.4766,9.7157,0.0288,-0.0688,0.0447,115.7499,-183.5882,9.5561,14.4906,-0.0257,-0.0549,-0.0333,-832.5803,-1359.4504,0,cost
9.0611,13.9766,0.0997,3.8901,0.3026,644.5622,119.2331,-1.1976,-2.8207,0.0289,0.4585,-0.0628,-176.8817,-14.1708,1.5288,5.6014,0.0275,-0.9283,0.2325,271.6906,28.9466,0,network
76.4691,80.7879,0.2471,0.8238,0.6929,3354.8174,6268.9544,21.6513,23.2134,0.0449,0.308,0.1993,809.9541,1119.2011,-34.0757,-24.6422,0.0454,-0.1667,-0.428,-62.2399,-23.3486,0,resource
43.3072,35.4507,0.0655,0.4807,0.1469,1925.5999,3790.5333,-1.2825,9.0551,-0.0494,0.0832,-0.1169,107.9131,-405.0161,-10.4994,-4.5846,-0.0165,0.1114,-0.0601,-666.3483,-471.8986,0,cost
17.8878,37.5048,0.3479,7.2529,0.1036,671.3184,586.7927,1.6027,3.3556,0.0609,-0.3511,-0.1117,158.4965,-95.6734,-2.8574,-10.3507,0.0277,2.2502,0.082,-296.4882,-13.6589,1,network
68.6959,31.2945,0.1648,0.5338,0.2856,1585.2883,3040.4641,17.1282,7.2842,0.0871,0.0548,0.0416,-237.3936,430.1141,14.6964,6.2755,-0.078,-0.2408,0.2046,416.9636,-1424.0916,0,cost
21.3001,23.9708,0.3088,2.0632,0.0502,0,846.5827,4.0677,-0.0535,0.1655,-0.0915,0.0155,-0.0262,67.9711,-0.1661,8.1393,-0.1822,0.4722,-0.195,-0.1136,-41.3944,0,network
97.1757,76.1951,0.1956,1.9378,0,7883.6175,7746.474,-23.4524,-15.6025,-0.0023,-0.0431,0.0953,-1721.0419,38.3292,44.1023,6.819,0.0675,0.2776,-0.0293,-3353.2769,-217.9243,0,resource
28.5804,32.6308,0.503,0.6396,1.8087,4531.9876,4040.069,-3.6297,7.3061,0.0469,0.1413,-0.5497,1272.2264,1138.0397,9.4093,7.3068,-0.0752,0.3721,-0.0458,2069.3878,-1269.7484,0,pod_crash
43.9054,37.7722,0.0045,0.5271,0,2084.551,5855.3693,4.6214,-7.8232,0.055,0.0595,-0.0597,533.0786,-764.5455,-17.1598,-1.358,-0.0081,-0.1391,0.0275,-399.0421,-2268.7323,0,cost
20.9621,20.8354,0.5495,0.6997,3.7182,7162.6879,4750.8391,-4.2884,-2.9625,-0.091,0.1047,0.1683,-375.3231,758.3692,-0.186,-4.328,-0.0613,-0.2273,-0.2697,2702.1511,-434.1804,1,pod_crash
72.9212,92.8861,0.2554,0.9931,0.5652,6700.5978,8535.5251,20.1305,18.5276,0.0525,-0.0498,0.0455,-1017.1974,2499.7303,13.0477,-0.442,0.0378,-0.1336,0.1642,-2935.8132,-4166.5542,0,resource
31.7712,19.9929,0.4437,0.4594,2.9475,2792.7335,6479.9759,-4.3502,-4.3365,-0.0195,0.0369,-0.3648,-433.9303,-4.3863,2.6283,-1.5637,0.0577,-0.0259,0.1407,-430.4215,3131.0753,0,pod_crash
25.4327,31.2539,0.217,0.8833,1.2424,6308.4871,7453.547,-7.467,3.9647,-0.0896,0.0545,-0.2072,184.347,1855.0938,-9.7337,-10.9775,0.0587,-0.0242,-0.353,764.9424,-3057.2576,0,pod_crash
21.4256,49.167,0.3918,2.8129,0.7444,7228.6635,2919.4554,-0.2745,-8.6653,-0.1855,-0.3365,0.1935,1729.2291,-389.1098,5.0032,8.88,0.2211,0.5568,0.2927,441.0317,983.8874,0,timing
14.4856,19.7595,0.3455,4.8957,0.2312,384.5193,137.8073,3.1256,-1.4331,-0.0125,0.3658,-0.0281,-108.2867,-0.0587,6.1301,7.3078,0.0265,-2.2471,0.0339,37.0628,14.3619,0,network
37.3391,36.6032,0.1689,0.1634,0.2531,683.3344,4088.1573,-2.3873,1.5641,-0.0477,-0.0755,0.0128,184.7342,128.247,-13.2789,15.7808,0.0235,0.0379,0.015,-312.2586,-688.8464,0,cost
83.1081,86.7545,0.2042,1.8498,0.7657,7411.751,5946.1739,-18.4896,-6.3196,0.0478,-0.4695,-0.1709,-586.328,538.0324,35.4776,-39.7719,-0.1243,0.8056,-0.1448,-2482.1475,2786.0064,0,resource
21.9756,2.7447,0.2592,5.0911,0.2551,97.1451,369.4086,0.8568,0.8104,-0.0251,1.4954,-0.139,-11.5205,32.2073,6.0985,-0.2447,-0.0171,-1.0911,-0.1202,-33.9944,117.373,0,network
48.1572,20.2862,0.1022,0.4604,0.1778,3664.722,1105.7108,12.7055,4.4967,0.0724,-0.0621,-0.0495,-820.4262,-18.9834,-7.0391,2.8323,0.1951,-0.2142,0.0614,-688.7473,513.9628,0,cost
50.8636,54.9897,0.1473,0.4668,0.1259,3398.1953,3691.8438,2.0099,-1.7576,-0.0196,0.0234,0.0741,-728.9662,-182.3261,19.1179,-18.5087,-0.062,0.1047,0.1244,-1293.9041,1576.263,0,cost
22.454,42.2694,0.5752,4.3422,0.2335,131.1847,493.5671,-0.8706,-10.6473,-0.1122,-0.7567,-0.0041,-25.1134,134.2598,-7.4617,-14.6292,0.2771,-0.6813,-0.0971,-17.0941,-224.796,1,network
64.612,96.1357,0.0869,1.1894,0.4043,6794.5354,3403.5729,-12.364,2.186,0.0501,0.3474,0.0793,1881.6308,-916.12,17.5859,5.8074,0.0737,-0.5697,-0.0161,-1303.4924,1564.3943,0,resource
7.7551,19.3582,0.0147,0.0698,0,3451.0538,2762.001,0.0014,-0.0026,0.0077,0.0201,-0.0228,0.0008,-0.0086,-0.0042,0.023,0.0033,0.0199,-0.0055,0.0098,-0.0185,0,normal
46.4822,28.7345,0.1154,0.539,0,2872.6523,2112.3983,-13.338,6.1661,-0.0426,-0.0569,-0.0739,740.5338,-401.8575,-14.5425,-7.6892,-0.0785,-0.2304,0.0309,-1213.5003,-152.3755,0,cost
30.8508,32.6544,0.2351,3.5378,0,230.0415,723.1642,-2.5719,7.6553,-0.0296,-0.618,-0.0618,66.1277,-75.1203,-13.9075,-16.3318,0.061,-1.5639,0.1004,20.8177,217.879,0,network
37.4876,33.1981,0.5146,1.6795,0.6703,4414.8983,2746.1036,-9.424,8.1319,0.0564,-0.2817,0.0014,-1083.8247,387.2058,-0.1813,-6.306,-0.0662,-0.0019,0.0565,2071.6521,822.1126,0,timing
114.1325,91.1541,0.1892,1.2119,1.046,4079.261,6270.1127,17.6386,-25.8156,0.0541,-0.4078,0.2772,-525.5713,1727.4119,19.1893,37.2984,-0.1273,-0.0201,0.2046,1186.4032,1944.4169,0,resource
22.9875,46.8139,0.3788,0.7259,0.5252,5312.9893,2961.5581,-5.3353,9.7231,0.055,0.1577,0.118,-1554.9923,176.3422,9.6551,22.8381,-0.0258,-0.1826,0.1522,-1925.3172,1160.525,0,pod_crash
39.049,68.3766,0.5949,1.278,1.344,4871.7587,4492.828,-9.0807,-3.0228,-0.0226,-0.0062,-0.0193,-1408.9007,-643.3852,-12.9633,-1.4993,0.0296,0.1887,0.5714,1261.5835,1631.1383,0,timing
82.4913,76.5297,0.0814,0.7174,0,8177.009,4850.5305,3.6967,-2.0624,-0.0178,0.119,-0.0503,1819.6949,-557.3541,16.9614,-2.5285,-0.1335,0.0242,0.0421,915.8238,2182.9805,0,resource
92.5848,80.7149,0.1257,1.0345,0.6821,5643.1441,8563.9399,6.7009,-20.1947,-0.0467,-0.2132,-0.1289,154.6625,-1394.6062,-34.1315,-4.0343,-0.1007,-0.5553,-0.1555,2367.9851,2748.9678,0,resource
69.3584,66.7235,0.5034,1.9402,1.4066,4149.9359,2851.2083,-6.6921,-8.38,-0.0825,0.4472,-0.2112,335.6589,-322.5949,0.1852,-27.1846,0.1259,-0.0764,-0.7617,-1883.5934,706.1889,0,timing
17.707,27.2792,0.0183,0.1215,0,3464.1082,4523.1592,0.0075,-0.0141,0.059,0.0318,0.0017,0.025,-0.0176,-0.0292,-0.0135,-0.0165,-0.0164,0.0358,-0.0421,0.0014,0,normal
74.151,66.6622,0.0866,1.7171,0.5165,6361.3286,4964.0838,16.5124,-15.9532,-0.0473,0.4185,0.0854,-855.7383,-1256.5984,27.814,-25.4163,-0.1068,0.8027,0.3256,1906.6728,-2459.9993,0,resource
93.0077,97.2134,0.1692,1.3308,0.5543,5157.0016,4465.0185,13.0978,-19.9245,0.0492,0.3638,-0.0834,-289.5708,310.0147,-43.8722,-11.7363,-0.0492,-0.5501,-0.2063,-781.2398,700.4821,0,resource
53.3085,33.4031,0.0499,0.5151,0.3074,4592.5716,2081.1719,-14.6076,-3.3534,0.0462,0.0269,0.008,-589.9256,115.2344,-9.8105,4.4924,-0.0237,-0.0118,0.093,63.1269,178.3543,0,cost
5.4952,6.7266,0.4322,1.7236,0.0302,369.8005,421.0523,0.8487,1.6597,0.0916,0.0235,0.0557,-19.7475,-117.3488,-0.1777,2.5721,-0.1421,-0.5327,0.2014,-142.8655,-137.124,1,network
7.3518,19.5905,0.0151,0.0393,0,3536.6906,3058.4948,-0.0203,-0.0252,0.0087,0.0243,0.0134,0.0311,0.0123,-0.0151,0.0124,0.0412,0.0153,0.026,0.0187,-0.0087,0,normal
12.4553,48.3176,0.3124,0.6114,2.6371,6438.3289,5776.8194,3.1349,-2.0079,-0.0694,0.1904,0.4593,161.885,144.9836,-2.4769,6.6328,0.1151,0.0824,0.0526,2355.4057,2624.9646,1,pod_crash
28.3939,28.6678,0.0719,0.1378,0.1233,3501.2831,1815.3337,-1.2421,-6.3568,0.0459,-0.0697,-0.103,306.019,536.2134,4.8282,12.8333,0.0266,-0.014,-0.0983,772.3292,183.9093,0,cost
33.3507,34.0634,0.3471,3.7885,0,0,687.5151,-6.0716,5.0218,-0.0485,0.0863,0.0243,0.0298,-142.0732,9.0817,12.2221,0.1275,1.7143,-0.0929,-0.0945,-280.9484,0,network
28.654,27.7102,0.4555,2.9228,0,105.7564,301.2089,-0.841,-5.0215,0.0323,0.3819,0.076,21.3762,-14.6422,5.2895,-10.3983,-0.1536,0.9954,0.0185,42.8609,147.228,1,network
101.9948,76.2488,0.1212,0.7977,0.6828,6613.1666,4022.1671,-0.2403,13.125,0.0237,-0.0602,-0.1842,-1830.4032,-1077.5973,-8.129,33.7836,0.1158,0.0849,0.3901,997.348,-1223.2879,0,resource
93.9348,81.5193,0.1506,0.8151,0.3478,3820.8871,7199.1588,-6.122,4.0492,-0.0024,0.0395,0.0036,710.6938,2012.7679,8.2426,-35.5344,-0.1486,-0.2778,0.0305,-1139.6661,639.941,0,resource
13.0405,22.7665,0.017,0.1035,0,5890.8148,2025.0322,-0.0092,-0.0311,-0.0021,0.0117,0.0149,0.0156,-0.0275,0.0194,-0.0465,-0.0191,-0.0177,-0.0118,-0.0045,0.0071,0,normal
63.1546,61.0465,0.4888,2.0953,0.0351,2830.7482,4060.3278,-10.1533,8.0257,-0.1424,-0.508,0.0455,268.3899,-1103.7489,-23.8696,7.8443,-0.0487,0.1791,-0.0207,1351.4431,1151.144,0,timing
28.7056,2.6374,0.7432,0.4816,2.2912,2524.3386,8323.3552,8.3595,-0.0372,-0.0347,0.1186,0.0713,-159.3285,1422.3034,12.2403,1.2901,-0.3372,-0.0254,-0.9407,512.5511,-1246.2644,1,pod_crash
45.7055,68.5534,0.6185,2.2508,1.1093,7480.6922,3954.2832,2.9904,7.5409,0.105,0.0664,-0.205,-1242.0943,199.1829,3.7141,16.746,-0.0983,0.7616,0.3379,-2597.5717,1477.1871,0,timing
77.9975,90.9822,0.0914,0.9167,0.642,6233.9192,5978.9305,14.4443,-22.4849,-0.1218,0.0989,0.0937,-1512.2893,180.3617,6.7737,5.61,-0.0244,-0.3449,-0.3058,-1865.67,-1220.0358,0,resource
33.5039,34.2345,0.4473,2.3771,2.1142,6082.2352,4404.0845,7.6523,-1.5069,0.1074,-0.6093,-0.5679,-487.3563,-104.5777,-13.9754,-6.5374,0.2613,0.3212,0.3469,-1181.6973,820.4011,0,timing
8.5927,19.5393,0.0413,0.0418,0,3102.088,3370.8278,0.0286,0.0093,-0.0392,0.0048,-0.0431,-0.039,-0.0188,0.0054,-0.0201,-0.0309,-0.0117,0.0217,0.032,-0.016,0,normal
12.9099,23.9741,0.0277,0.0704,0,1844.6412,2675.1159,-0.0228,0.0259,0.0254,-0.0247,0.0071,0.0015,-0.0102,-0.0366,-0.0007,-0.0172,0.022,0.0013,0.0124,-0.0138,0,normal
19.3715,35.3321,0.4177,0.3834,2.8708,5960.5855,6643.1809,-5.4493,4.698,-0.1304,-0.013,0.2813,-860.5741,-630.1836,-2.056,14.1829,-0.0661,0.0663,0.3066,151.6078,1214.2903,0,pod_crash
58.1875,27.4261,0.1373,0.1378,0.0905,2893.6414,3007.6702,3.0591,-6.8984,0.067,-0.0109,0.0266,132.6024,-458.8905,3.6039,0.3245,-0.137,-0.0488,-0.0706,-1256.036,-579.6257,0,cost
25.4145,23.6752,0.3947,0.808,1.9635,5925.3673,3709.3453,-4.8831,-4.9002,-0.1715,0.1964,0.1611,1462.6575,479.2068,-10.1994,10.6682,0.1717,0.0251,0.4015,-1535.6823,137.5649,0,timing
13.0292,21.5899,0.0411,0.1191,0,4064.3624,4022.4393,0.0256,-0.0004,0.0137,-0.0059,-0.0073,-0.0018,0.0292,0.01,0.0277,0.026,-0.0034,-0.011,0.0113,-0.0378,0,normal
87.4778,70.1514,0.0716,1.6619,0.2887,1066.7832,6943.1218,22.3246,0.7271,-0.0678,0.1378,-0.0905,314.8408,272.5994,29.3604,7.5597,0.1412,-0.5754,-0.0741,-338.4013,-1388.8254,0,resource
47.198,35.0537,0.3867,1.7397,0.415,2452.1758,1474.1239,0.2815,-3.0081,0.0253,-0.1268,-0.1272,477.6257,61.3937,2.7462,-3.4961,0.0727,0.6652,-0.054,-1215.3456,-585.2654,0,timing
9.9129,20.2651,0.0079,0.159,0,3591.2719,5001.0188,-0.0072,0.0115,-0.0206,-0.0067,0.0087,0.0121,-0.0057,0.0332,0.009,-0.0664,-0.003,0.0114,-0.0234,0.0092,0,normal
26.1593,31.4299,0.243,3.364,0.0991,426.1092,151.0685,-6.9535,-7.5919,-0.0721,0.6753,0.0619,32.8792,41.6497,0.0589,-6.8059,0.1897,-0.3472,0.0124,-15.7869,-66.957,1,network
18.6441,15.3918,0.3874,0,0.0717,1077.955,637.2699,1.1929,-0.5295,-0.1732,-0.0416,-0.0433,-42.2557,86.1546,-5.6672,3.9052,-0.1089,-0.0371,-0.0671,-47.2403,-280.2828,0,network
68.6289,45.895,0.138,0.6221,0.2033,4010.1931,3566.3993,-1.5347,3.3186,0.0214,0.0613,0.0508,796.5782,-666.3004,-29.3103,-5.8065,-0.0558,0.195,0.1308,520.2041,-1358.2226,0,cost
39.6593,63.8363,0.4968,0.8375,2.7429,4433.7631,4440.0109,1.9879,-8.4226,-0.1251,0.1162,-0.4101,-592.0427,-891.4116,-6.9401,-9.8812,0.1247,0.3054,-0.2913,-976.3376,-1122.2756,0,timing
11.4846,14.7767,0.0279,0.0895,0,4783.1631,4038.6494,0.0047,0.0056,0.003,-0.0159,0.0042,0.0105,-0.0298,0.0363,0.0034,-0.0099,-0.033,0.0408,0.0358,0.0398,0,normal
20.9316,12.474,0.0218,0.1138,0,3676.7656,3564.0682,-0.0271,-0.0045,-0.0071,0.0194,-0.0196,-0.0106,-0.0058,-0.0727,-0.0035,-0.0038,0.0166,-0.0233,-0.0094,0.0114,0,normal
77.6937,76.0411,0.2386,1.2869,0.5226,4110.658,4045.4162,-16.571,-14.9397,-0.1199,0.0355,-0.0139,663.1176,-345.2161,-33.9295,-31.4499,-0.1003,-0.7163,0.0029,-1820.0609,-282.7852,0,resource
3.5854,15.8876,0.0184,0.1137,0,3208.3079,4527.2673,0.0046,0.0067,-0.0004,0.0168,0.0042,0.0222,0.0119,0.0491,-0.0505,-0.0066,-0.0118,0.0009,0.008,0.0634,0,normal
26.5908,27.2725,0.2949,3.2485,0.2571,407.0303,638.6748,-4.2896,-1.7973,0.0162,0.451,0.0012,64.1482,100.6773,4.0395,-12.6219,-0.0496,-1.3827,-0.0158,-157.074,-273.077,1,network
73.8309,91.6904,0.1232,0.0682,0.1727,6565.0493,4914.5592,11.3697,21.9406,-0.0591,0.0427,-0.016,847.0187,417.6471,-15.5278,18.9886,-0.0906,0.0532,-0.0637,-3256.047,-1417.0789,0,resource
52.2169,44.1238,0.0533,0.5799,0.1685,3464.482,1750.8202,5.7543,-4.2368,-0.0986,-0.0457,0.0612,484.1872,370.3883,-3.2243,6.118,0.0099,-0.1164,0.0089,-1188.6513,335.4616,0,cost
22.093,18.7067,0.6056,0.426,2.4282,1421.2417,7083.9778,-1.818,1.2097,0.157,0.1392,-0.2746,-368.7334,-1994.5281,3.3981,3.186,-0.1503,-0.0969,0.4304,-78.0261,-1731.6904,1,pod_crash
67.8537,46.4834,0.0967,0.1546,0.0687,4216.4834,2584.7711,14.1252,1.4647,0.0926,0.0989,-0.0588,-616.0519,-240.5563,6.6076,-11.1232,0.0694,-0.0368,0.0883,1804.4441,22.9176,0,cost
15.5918,15.7703,0.0236,0.0712,0,4571.1632,3577.2745,-0.0036,0.0069,0.0263,-0.0077,-0.0179,0.0157,-0.0345,0.008,0.0204,-0.012,-0.0433,-0.0339,-0.0096,0.0178,0,normal
10.741,26.6072,0.5361,0.3609,1.5499,5935.0898,6760.7589,-2.456,3.1465,0.1075,0.0143,-0.227,1484.276,1761.9767,0.3938,-1.715,0.1172,-0.2308,-0.327,1336.7578,-758.0375,0,pod_crash
9.8413,30.3513,0.4506,4.1402,0.0054,182.445,715.6278,-1.4911,5.8912,0.0514,-0.7468,-0.0407,-27.3015,188.4536,-2.4058,13.0375,0.0953,-0.1054,-0.1594,21.3493,143.3374,0,network
96.3965,74.177,0.1345,1.3778,0.6094,5874.4632,8025.0802,-5.8833,-11.6072,0.022,0.0261,-0.221,156.1715,972.6087,-25.2832,32.7668,-0.0624,0.5855,-0.0737,-1078.8098,-2560.2287,0,resource
14.7855,42.076,0.1012,0.6917,2.6608,7608.9427,3415.5475,3.9282,7.076,0.0873,-0.1701,0.4049,180.8147,-844.2019,-7.3771,-0.0374,0.0569,-0.1648,-0.8342,2705.9851,273.5268,0,pod_crash
7.2274,38.0992,0.6365,1.0275,2.5967,2895.8021,4257.2298,-2.0666,-6.1018,-0.1335,0.0814,-0.7261,265.6641,-208.0944,-0.3248,-8.6101,-0.0672,0.1199,0.5172,690.2665,175.3167,0,timing
78.1465,90.8455,0.2185,0.7607,0.6212,3998.9206,4358.4687,-5.2986,-15.0158,-0.0227,-0.1404,0.0118,-1055.6285,-315.9938,-19.2601,1.7189,0.0557,-0.3274,-0.1781,-1401.1551,716.8742,0,resource
14.297,17.9148,0.4612,4.6913,0.7077,709.7196,755.2001,2.8245,-0.9562,-0.0963,0.8486,0.0068,181.4514,170.7533,-5.3952,-1.9839,-0.1888,-1.8836,-0.0547,115.4175,145.7854,1,network
22.0732,22.5527,0.0135,0.0854,0,3752.5569,3681.5666,0.0271,-0.0064,-0.0113,0.0075,0.0091,-0.0157,-0.0027,-0.0092,-0.0067,0.0731,0.0076,-0.0122,-0.0289,-0.0165,0,normal
33.9192,38.7441,0.5453,2.4457,1.8459,3056.5925,5115.6745,1.6708,-7.4596,0.1552,-0.2452,0.5009,-624.8535,1503.5766,-15.2353,16.4295,-0.2274,-0.4827,-0.2524,-1126.0773,1853.7394,0,timing
22.9337,20.4216,0.02,0.0942,0,3189.6989,4824.5262,0.0219,-0.0094,0.0207,0.0005,0.0438,-0.0081,-0.0236,0.023,0.0049,0.0257,-0.0368,-0.0582,0.0406,0.0926,0,normal
37.8362,35.829,0.3928,0.555,3.7468,6183.4604,5851.4752,6.5476,5.8715,-0.1131,0.014,-0.7921,937.5023,1062.4516,-8.9872,-4.4347,-0.1503,-0.2168,1.0612,3018.6219,2635.3626,1,pod_crash
34.8646,17.098,0.1416,0.4181,0.2161,2468.1344,1840.0998,2.2606,1.9229,0.0569,0.1752,-0.0513,733.5092,-428.7285,0.2024,3.3522,-0.0563,-0.0871,0.0454,-1114.3551,858.5836,0,cost
19.5762,44.9312,0.152,6.0286,0.2253,943.2543,362.8788,-5.0031,-4.5028,-0.0097,0.7688,-0.0564,65.4349,70.4696,-1.5228,-12.4128,-0.0062,1.5802,-0.0538,465.5069,84.8413,0,network
14.8841,29.3184,0.0697,0.4372,0.1251,2725.4149,3462.5504,1.9905,6.0496,-0.0059,0.0264,-0.0771,23.5941,381.5098,4.4493,6.5711,-0.0557,0.0259,-0.0574,-740.197,298.4524,0,cost
43.261,41.445,0.4865,2.601,0.9154,7672.5452,6598.9877,4.094,8.2229,0.0366,-0.3304,-0.1354,328.2307,-1764.8873,-0.8952,-16.5122,0.2498,0.7858,0.1662,-2804.2604,111.8582,0,timing
14.7801,20.6782,0.0157,0.0625,0,5485.9588,3406.3833,0.0193,0.0036,-0.0101,-0.0184,0.0015,-0.0206,0.0116,0.0007,-0.0377,0.0327,-0.0008,-0.0204,-0.0497,0.0295,0,normal
21.304,29.1599,0.278,4.2019,0.0168,488.9831,236.9688,4.428,2.6419,0.1275,0.6372,-0.0261,42.7902,33.5869,2.086,2.4571,-0.1511,-1.8699,0.0389,35.6105,109.8233,1,network
54.0032,35.988,0.1704,0.2266,0.0924,4138.5953,3022.2877,8.115,2.9055,0.0092,-0.0776,-0.099,1058.0676,898.1938,24.6855,-5.3212,0.1101,0.0317,-0.063,471.8529,627.0547,0,cost
7.2883,8.2819,0.0034,0.1127,0,2223.1387,4518.6318,0.0087,-0.0202,-0.0116,0.0019,-0.0541,-0.0382,-0.0073,0.0045,0.0072,-0.0401,-0.0267,-0.0104,-0.0051,-0.007,0,normal
22.699,17.8181,0.02,0.0764,0,4295.1026,3533.38,0.0102,-0.0002,0.0506,-0.0244,0.015,0.0111,0.0,-0.0107,-0.0257,-0.012,0.0002,0.0019,-0.0232,0.0499,0,normal
89.1645,65.1867,0.1909,0.9803,0.444,6684.5151,6450.8098,-19.5391,-10.001,0.0088,-0.1501,0.1059,-1729.5339,-1769.5517,28.0965,1.0752,0.0352,0.3095,-0.2408,1333.0445,854.6265,0,resource
24.7399,25.5285,0.3331,0.2147,0.562,5993.3858,6112.1437,0.7521,-0.3249,-0.0637,0.126,-0.0428,-1633.0875,501.2211,-5.8275,5.6438,-0.1621,-0.1874,0.2039,-735.6111,-2396.533,1,pod_crash
44.5639,28.9732,0.0492,0.4267,0.2119,3824.5895,2281.2965,0.4533,6.1133,-0.0608,-0.0654,-0.0718,-653.3779,-415.1213,-18.6464,3.7153,-0.2012,-0.0347,-0.0584,-231.5156,641.7514,0,cost
20.6048,16.188,0.2512,4.5694,0,730.7161,4.8344,-1.0698,-0.7476,-0.0797,-1.0365,0.0239,27.5257,0.4182,2.7203,-7.8853,0.1117,-1.7908,0.0557,125.7912,0.181,1,network
49.9616,55.8011,0.393,1.2969,1.4334,6306.8097,964.9207,7.3175,-2.2794,-0.0721,-0.3313,-0.0614,1243.7043,171.6123,14.9941,15.6916,-0.0773,0.1297,-0.53,2195.7883,-73.0248,0,timing
35.3503,18.6105,0.084,0.6529,0.1626,2820.3401,1954.9763,7.5841,-4.3682,-0.053,-0.002,-0.1001,762.2804,101.6898,7.2135,-7.8375,-0.0596,0.1112,-0.0268,-649.0078,783.8866,0,cost
53.5827,29.3453,0.1447,0.0759,0.1916,3435.009,2717.7734,-8.5273,1.7532,0.0653,-0.0068,0.0109,557.5983,-326.1189,-24.4374,4.9294,-0.0539,0.0504,0.0603,1270.4468,695.9217,0,cost
32.0243,21.2562,0.4225,0.4184,2.177,2057.0181,3850.9277,2.0391,5.4122,-0.0374,-0.0114,-0.0031,-280.362,898.1765,15.1769,-3.2103,0.0151,-0.2094,0.8803,-192.2077,-39.2712,1,pod_crash
8.5382,41.2814,0,0.6436,1.8967,6625.0893,3489.5365,1.7419,5.4623,0.0086,-0.0319,0.2817,-354.7947,-1044.954,-2.3517,-12.2061,-0.1436,-0.2131,0.3326,581.8978,50.7756,1,pod_crash
88.077,68.7024,0.0927,0.7305,0.617,6879.5981,7574.1603,-7.4365,-9.4912,-0.026,0.1505,-0.1291,-1448.0236,-856.7981,37.3755,1.9922,-0.0583,-0.4579,0.3953,-1093.2714,3040.4599,0,resource
52.506,67.0259,0.2717,2.6316,3.545,7995.594,4492.2812,4.4585,15.0841,0.0812,-0.3152,-0.8063,-830.2833,-194.2179,-1.1923,-0.5272,-0.0452,1.2004,-0.1073,-655.8,1708.4686,0,timing
55.0402,32.5892,0.0294,0.7338,0.0873,2966.8999,1942.9359,9.6206,1.4018,-0.0154,0.1243,-0.0562,-685.8248,132.5874,17.5679,14.5925,-0.0132,-0.1272,0.0378,1230.9043,-655.6815,0,cost
47.4674,23.1216,0.0665,0.427,0.1086,1975.5473,3209.7476,-1.5685,6.3052,0.0826,-0.0934,0.003,-219.2092,-23.2318,-3.8593,9.2553,0.046,-0.1569,-0.0107,645.871,530.8815,0,cost
53.7328,44.3841,0.0815,0.2683,0.0164,4156.2027,3459.1925,6.5026,-8.015,0.0661,-0.0219,0.0222,188.4406,-486.9236,12.1382,-6.8448,-0.0312,0.0303,0.0424,-380.0243,-294.9886,0,cost
28.0506,32.1215,0.6878,0.5484,1.2867,6382.7892,3598.7044,7.3147,-2.4256,-0.0169,0.1208,0.131,1741.3871,630.1887,4.1222,-11.6708,-0.2056,-0.1545,-0.1933,2481.6121,1155.5803,1,pod_crash
20.1438,68.2718,0.5336,1.1399,1.0351,5187.4085,5560.4693,-0.5285,-14.1319,0.0746,-0.0711,0.1902,901.8906,426.7857,0.3315,3.205,-0.1287,0.0425,-0.0615,100.295,-27.3691,0,timing
10.4856,23.2057,0.0303,0.0734,0,4535.7431,4194.8416,0.0021,0.0086,0.022,-0.013,-0.0076,0.0126,0.0219,0.0394,-0.0275,-0.0444,0.0042,0.0096,-0.0192,0.0219,0,normal
83.8146,85.7049,0.1094,0.905,0.2396,5234.2079,3893.5297,-8.8114,-3.8999,0.0163,-0.1077,-0.0198,-1498.6442,771.2684,36.1766,31.322,0.0275,0.1564,0.0213,-2054.5975,-1871.8093,0,resource
22.375,20.4523,0.0091,0.0705,0,4907.8941,2958.0667,-0.0166,-0.0127,0.0185,-0.0117,-0.0017,0.0057,0.0115,-0.0334,0.0247,0.0304,-0.0503,0.0399,0.0242,-0.0452,0,normal
30.5679,27.1738,0.4406,0.6728,0.4773,5697.676,1639.9478,-2.7296,-1.5084,-0.0869,0.0252,0.0487,-1128.7833,350.8202,2.5402,-6.9388,0.2679,0.1349,0.1543,2119.4074,-591.2043,0,pod_crash
20.2172,16.5556,0.3663,0.2945,0.4371,0,517.8686,-2.5583,-2.4853,0.067,0.0534,0.0553,0.0458,-133.826,-1.0924,-4.5455,0.0819,-0.175,0.1115,0.1014,25.7128,0,network
33.1016,41.853,0.5617,0.6885,2.0009,2552.5755,1391.7897,-7.818,6.8113,-0.0554,0.1193,-0.6026,-415.4362,297.3595,-10.0904,1.412,-0.056,0.2257,0.1316,988.7879,-218.4138,0,timing
19.4097,33.4139,0.365,0.3504,0,7766.8528,8208.3097,3.8907,1.8729,-0.005,0.0678,-0.0301,419.0762,891.4884,-3.6376,-15.7466,0.0181,0.0465,0.0344,-2126.8188,-3688.3728,1,pod_crash
9.0758,20.5735,0.0207,0.0837,0,3955.8767,5300.4888,0.0092,0.0065,-0.0008,-0.0054,0.0063,-0.0205,0.0029,0.0252,-0.007,0.0519,0.0224,0.0017,0.036,-0.0036,0,normal
12.0029,43.5134,0.5786,0.6659,1.9408,4092.5818,4612.8172,0.2585,-7.1923,-0.0079,0.0344,-0.2377,466.5061,-692.7603,3.669,-12.5515,0.2782,0.2939,0.1994,2029.8248,1145.2245,0,pod_crash
41.2029,30.8973,0.0915,0.5792,0.0882,3569.0452,3309.2202,-9.861,4.0162,0.027,0.089,-0.0809,-96.7637,-944.1398,-13.0446,12.2989,0.0851,0.0542,0.0308,-650.7974,-1270.3979,0,cost
31.4944,38.9086,0.3109,0.4799,0.845,5100.0988,7872.2834,6.9908,-11.63,-0.1503,-0.016,-0.1706,-1180.9095,-2324.5482,9.695,0.8612,0.0988,-0.0667,0.1728,1786.2136,-3919.6332,1,pod_crash
8.8718,22.7864,0.0162,0.1029,0,4879.9242,3732.4579,0.0314,0.0373,-0.016,0.0226,0.0297,-0.0108,0.0159,0.0013,0.0171,-0.0149,-0.0609,0.0252,-0.0253,0.021,0,normal
91.11,72.9347,0.2404,1.036,0.4598,7332.5875,5793.0768,-1.891,-14.3747,0.0526,-0.159,-0.076,805.3302,1408.0107,-38.3492,21.8545,-0.0267,-0.2364,-0.0038,-519.509,-1891.5133,0,resource
2.5831,21.5794,0.0153,0.0644,0,4651.4327,4944.4028,-0.0033,-0.0365,0.0171,-0.0101,-0.0093,0.0122,-0.0267,0.017,0.0165,-0.0267,-0.0236,-0.0224,-0.0052,-0.0003,0,normal
45.1759,37.8164,0.1105,0.4831,0.052,3417.9318,1956.0987,0.4847,-4.6804,-0.0614,-0.1334,0.0494,-92.5131,237.4475,7.4852,18.403,0.0302,-0.0926,-0.0194,647.5336,-823.0761,0,cost
49.8118,57.4639,0.0875,0.4122,0.0971,4390.8577,2307.9564,-9.0778,4.7855,-0.0665,-0.0641,-0.0302,-475.5453,-228.8685,-7.3687,23.831,-0.108,0.2298,-0.0049,-585.9229,475.1334,0,cost
46.169,39.0615,0.2427,0.8348,2.0912,3219.6306,2894.6097,0.8846,-0.8838,0.0615,0.2036,-0.1327,-372.7983,126.9554,18.5727,7.3276,-0.1395,0.1595,-0.5936,1254.5541,-928.9567,0,timing
11.0918,27.4051,0.029,0.0654,0,3786.1846,3341.9945,0.0173,-0.0387,-0.0123,0.0027,-0.0042,-0.0045,-0.0204,0.0291,0.0525,0.0166,-0.0268,0.0197,-0.006,-0.0523,0,normal
20.0875,15.1044,0.3098,1.8974,0,640.5198,963.2305,-0.7593,-1.6672,-0.0242,0.0259,0.0112,-35.1636,68.4287,4.388,-6.0982,-0.0973,0.9395,-0.1413,259.7818,391.7741,0,network
52.4734,33.7952,0.1269,0.2748,0.071,4013.0588,2106.6219,8.357,-0.568,0.0534,-0.1011,0.0479,-43.0347,-86.4372,24.4821,8.2372,0.1129,-0.0396,0.0469,-126.6548,157.4187,0,cost
13.6231,14.173,0.5357,3.8428,0.19,456.2233,467.9947,-3.3302,-0.6835,-0.034,0.5576,0.0867,-52.3935,-104.4377,0.349,5.8729,-0.2248,-0.1126,-0.0774,116.1925,67.1748,1,network
55.0574,20.251,0.1028,0.3507,0,2996.736,2171.7285,6.6143,0.6503,0.015,0.1156,0.0332,417.1928,-215.8495,-20.3746,-8.9721,-0.0671,0.0486,-0.0107,576.2847,-629.0945,0,cost
19.789,34.4695,0.3417,0.2906,2.5799,6337.7935,3577.537,-0.5687,1.198,-0.06,0.087,-0.4061,796.0051,-10.3522,8.0095,-16.421,-0.1927,0.0608,0.4906,2014.8402,1708.3507,0,pod_crash
102.8817,69.2998,0.2047,1.512,0.0976,5773.2155,7304.1912,5.527,13.7954,0.1042,-0.0726,-0.0324,-293.4275,42.2122,-4.8334,23.8946,-0.0941,-0.6643,0.0133,1691.91,-2623.5842,0,resource
31.3054,14.6521,0.0813,0.6555,0.0848,3827.7663,3046.2146,9.3226,3.537,-0.0481,-0.0635,0.0389,179.3096,-766.5035,8.0658,-5.2766,-0.0028,0.0497,-0.0957,-1185.4179,-384.5823,0,cost
38.6587,56.0932,0.4777,2.4231,1.2897,4605.7876,5248.022,-0.8863,0.2659,-0.1267,0.5019,-0.2996,637.2665,-644.2891,-17.7727,-4.5207,0.1643,0.187,-0.5554,1530.2271,1451.7495,0,timing
61.6397,28.4699,0.3009,1.4209,0.2702,3821.7131,3614.3454,8.7692,-7.4057,0.0869,-0.1872,-0.074,497.7194,-520.9729,-16.4022,-8.4271,-0.1535,0.5405,0.0569,958.1581,629.4283,0,timing
81.0023,76.8695,0.0319,1.4236,1.0174,6798.3231,1420.1235,-13.7108,-12.7458,-0.0483,-0.245,0.2635,-1111.4636,-15.3686,23.7196,5.4558,-0.0142,0.1242,-0.0366,-464.2398,620.8434,0,resource
30.3886,42.8356,0.5406,2.2562,0.841,2957.8367,1083.0437,1.7932,1.7468,0.0815,-0.2299,-0.2179,-605.7977,-70.6726,-7.3774,13.5329,-0.0733,0.8164,0.0232,1167.8126,-417.2765,0,timing
2.247,24.0817,0.3107,0,2.2288,4854.108,2774.9524,0.6875,-2.0785,-0.1137,0.0559,0.0227,641.5579,260.455,-1.0784,9.9085,0.0138,-0.041,-0.4398,-102.4932,945.2934,1,pod_crash
23.8692,30.9009,0.258,3.4869,0.0943,345.482,428.3237,4.591,1.9517,-0.0363,-0.3315,0.0419,-12.8204,-18.9466,6.3165,12.7822,-0.1653,0.3249,0.0146,-113.2429,113.6585,0,network
